Workbook

Sheet OVERZICHT
A1: GEMEENTE | B1: PROVINCIE | C1: NIS-CODE | D1: INWONERS 2022 (STATBEL - OFFICIËLE STATISTIEK) | E1: INWONERS 01/01/2023 (STATBEL - OFFICIËLE STATISTIEK) | F1: INWONERS 01/01/2024 (STATBEL - OFFICIËLE STATISTIEK) | G1: INWONERS 01/01/2025 (STATBEL - OFFICIËLE STATISTIEK) | H1: AANTAL DEELWAGENS JANUARI 2022 | I1: AANTAL e-DEELWAGENS JANUARI 2022 | J1: AANTAL DEELWAGENS PER 1.000 JAN 2022 | K1: AANTAL DEELWAGENS OKTOBER 2022 | L1: AANTAL e-DEELWAGENS OKTOBER 2022 | M1: AANTAL DEELWAGENS PER 1.000 OKT 2022 | N1: AANTAL DEELWAGENS JUNI 2023 | O1: AANTAL e-DEELWAGENS JUNI 2023 | P1: AANTAL DEELWAGENS PER 1.000 JUN 2023 | Q1: AANTAL e-DEELWAGENS PER 1.000 JUN 2023 | R1: GROEI aantal deelwagens jan '22 - jun '23 | S1: GROEI aantal deelwagens per 1.000 inw jan '22 - jun '23 | T1: GROEI aantal deelwagens okt '22 - jun '23 | U1: GROEI aantal deelwagens per 1.000 inw okt '22 - jun '23 | V1: AANTAL PARTICULIERE DEELWAGENS JUN 2023 | W1: AANTAL PARTICULIERE DEELWAGENS PER 1.000 JUN 2023 | X1: AANTAL DEELWAGENS DECEMBER 2023 | Y1: AANTAL e-DEELWAGENS DECEMBER 2023 | Z1: AANTAL DEELWAGENS PER 1.000 DEC 2023 | AA1: AANTAL e-DEELWAGENS PER 1.000 DEC 2023 | AB1: AANTAL DEELWAGENS JUNI 2024 | AC1: AANTAL e-DEELWAGENS JUNI 2024 | AD1: AANTAL DEELWAGENS PER 1.000 JUN 2024 | AE1: AANTAL e-DEELWAGENS PER 1.000 JUN 2024 | AF1: AANTAL DEELWAGENS DEC 2024 | AG1: AANTAL e-DEELWAGENS DEC 2024 | AH1: AANTAL DEELWAGENS PER 1.000 DEC 2024 | AI1: AANTAL e-DEELWAGENS PER 1.000 DEC 2024 | AJ1: AANTAL DEELWAGENS JUN 2025 | AK1: AANTAL e-DEELWAGENS JUN 2025 | AL1: AANTAL DEELWAGENS PER 1.000 JUN 2025 | AM1: AANTAL e-DEELWAGENS PER 1.000 JUN 2025 | AN1: VERSCHIL AANTAL DEELWAGENS JUN 25 - JUN 24 | AO1: GROEI/DALING AANTAL DEELWAGENS JUN 25 - JUN 24 | AP1: AANTAL DEELWAGENS DEC 2025 | AQ1: AANTAL e-DEELWAGENS DEC 2025 | AR1: AANTAL DEELWAGENS PER 1.000 DEC 2025 | AS1: AANTAL e-DEELWAGENS PER 1.000 DEC 2025 | AT1: VERSCHIL AANTAL DEELWAGENS DEC 25 - DEC 24 | AU1: AANTAL DEELWAGENS NODIG IN 2030 OBV INWONERS 2024 | AV1: EXTRA BENODIGDE DEELWAGENS TEGEN 2030 (OBV DEC 2024)
A2: Antwerpen | B2: Antwerpen | C2: 11002 | D2: 530630 | E2: 538910 | F2: 544759 | G2: 562002 | H2: 896 | I2: 170 | J2: 1.6885589 | K2: 899 | L2: 161 | M2: 1.6942125 | N2: 1449 | O2: 354 | P2: 2.6887606 | Q2: 0.65688148 | R2: 553 | S2: 1.0002018 | T2: 550 | U2: 0.99454811 | V2: 92 | W2: 0.17071496 | X2: 1542 | Y2: 303 | Z2: 2.8613312 | AA2: 0.56224602 | AB2: =1646+'overzicht voor jun 25'!AA40 -> 1648 | AC2: 37 | AD2: 3.0215196 | AE2: 0.067919943 | AF2: =1477 -> 1477 | AG2: 29 | AH2: 2.7112907 | AI2: 0.05323455 | AJ2: =BattMobility!D9+cambio!D9+Claus2you!D9+CoopStroom!D9+Cozywheels!D9+Dégage!D9+Flexigo!D9+Klimaan!D9+Moovee!D9+Poppy!D9+'Mobilize Share'!D9+Stapp.in!D9 -> 1342 | AK2: =BattMobility!E9+cambio!E9+Claus2you!E9+CoopStroom!E9+Cozywheels!E9+Dégage!E9+Flexigo!E9+Klimaan!E9+Moovee!E9+Poppy!E9+'Mobilize Share'!E9+Stapp.in!E9 -> 29 | AL2: =AJ2/G2*1000 -> 2.3878919 | AM2: =AK2/G2*1000 -> 0.05160124 | AN2: =AJ2-AB2 -> -306 | AO2: =AN2/AB2 -> -0.18567961 | AP2: =BattMobility!F9+cambio!F9+Claus2you!F9+CoopStroom!F9+Cozywheels!F9+Dégage!F9+Flexigo!F9+Klimaan!F9+Moovee!F9+Poppy!F9+'Mobilize Share'!F9+Stapp.in!F9 -> 1214 | AQ2: =BattMobility!G9+cambio!G9+Claus2you!G9+CoopStroom!G9+Cozywheels!G9+Dégage!G9+Flexigo!G9+Klimaan!G9+Moovee!G9+Poppy!G9+'Mobilize Share'!G9+Stapp.in!G9 -> 32 | AR2: =AP2/G2*1000 -> 2.1601347 | AS2: =AQ2/G2*1000 -> 0.056939299 | AT2: =AP2-AF2 -> -263 | AU2: 1089.518 | AV2: -387.482
A3: Gent | B3: Oost-Vlaanderen | C3: 44021 | D3: 265086 | E3: 268122 | F3: 269597 | G3: 272657 | H3: 734 | I3: 144 | J3: 2.7689127 | K3: 884 | L3: 128 | M3: 3.3347668 | N3: 1066 | O3: 240 | P3: 3.9758021 | Q3: 0.89511491 | R3: 332 | S3: 1.2068893 | T3: 182 | U3: 0.64103523 | V3: 360 | W3: 1.3426724 | X3: 890 | Y3: 202 | Z3: 3.3193845 | AA3: 0.75338838 | AB3: 1027 | AC3: 249 | AD3: 3.8093896 | AE3: 0.92360078 | AF3: 1103 | AG3: 325 | AH3: 4.0912918 | AI3: 1.205503 | AJ3: =BattMobility!D73+cambio!D73+Claus2you!D73+CoopStroom!D73+Cozywheels!D73+Dégage!D73+Flexigo!D73+Klimaan!D73+Moovee!D73+Poppy!D73+'Mobilize Share'!D73+Stapp.in!D73 -> 1075 | AK3: =BattMobility!E73+cambio!E73+Claus2you!E73+CoopStroom!E73+Cozywheels!E73+Dégage!E73+Flexigo!E73+Klimaan!E73+Moovee!E73+Poppy!E73+'Mobilize Share'!E73+Stapp.in!E73 -> 320 | AL3: =AJ3/G3*1000 -> 3.9426826 | AM3: =AK3/G3*1000 -> 1.1736357 | AN3: =AJ3-AB3 -> 48 | AO3: =AN3/AB3 -> 0.046738072 | AP3: =BattMobility!F73+cambio!F73+Claus2you!F73+CoopStroom!F73+Cozywheels!F73+Dégage!F73+Flexigo!F73+Klimaan!F73+Moovee!F73+Poppy!F73+'Mobilize Share'!F73+Stapp.in!F73 -> 1096 | AQ3: =BattMobility!G73+cambio!G73+Claus2you!G73+CoopStroom!G73+Cozywheels!G73+Dégage!G73+Flexigo!G73+Klimaan!G73+Moovee!G73+Poppy!G73+'Mobilize Share'!G73+Stapp.in!G73 -> 305 | AR3: =AP3/G3*1000 -> 4.0197024 | AS3: =AQ3/G3*1000 -> 1.1186216 | AT3: =AP3-AF3 -> -7 | AU3: 539.194 | AV3: -563.806
A4: Leuven | B4: Vlaams-Brabant | C4: 24062 | D4: 102236 | E4: 103009 | F4: 104009 | G4: 104906 | H4: 201 | I4: 5 | J4: 1.9660394 | K4: 211 | L4: 5 | M4: 2.0638523 | N4: 218 | O4: 27 | P4: 2.1163199 | Q4: 0.26211302 | R4: 17 | S4: 0.15028057 | T4: 7 | U4: 0.05246767 | V4: 53 | W4: 0.51451815 | X4: 230 | Y4: 27 | Z4: 2.2328146 | AA4: 0.26211302 | AB4: 249 | AC4: 30 | AD4: 2.3940236 | AE4: 0.28843658 | AF4: 248 | AG4: 34 | AH4: 2.384409 | AI4: 0.32689479 | AJ4: =BattMobility!D148+cambio!D148+Claus2you!D148+CoopStroom!D148+Cozywheels!D148+Dégage!D148+Flexigo!D148+Klimaan!D148+Moovee!D148+Poppy!D148+'Mobilize Share'!D148+Stapp.in!D148 -> 266 | AK4: =BattMobility!E148+cambio!E148+Claus2you!E148+CoopStroom!E148+Cozywheels!E148+Dégage!E148+Flexigo!E148+Klimaan!E148+Moovee!E148+Poppy!E148+'Mobilize Share'!E148+Stapp.in!E148 -> 36 | AL4: =AJ4/G4*1000 -> 2.5356033 | AM4: =AK4/G4*1000 -> 0.34316436 | AN4: =AJ4-AB4 -> 17 | AO4: =AN4/AB4 -> 0.068273092 | AP4: =BattMobility!F148+cambio!F148+Claus2you!F148+CoopStroom!F148+Cozywheels!F148+Dégage!F148+Flexigo!F148+Klimaan!F148+Moovee!F148+Poppy!F148+'Mobilize Share'!F148+Stapp.in!F148 -> 274 | AQ4: =BattMobility!G148+cambio!G148+Claus2you!G148+CoopStroom!G148+Cozywheels!G148+Dégage!G148+Flexigo!G148+Klimaan!G148+Moovee!G148+Poppy!G148+'Mobilize Share'!G148+Stapp.in!G148 -> 37 | AR4: =AP4/G4*1000 -> 2.611862 | AS4: =AQ4/G4*1000 -> 0.3526967 | AT4: =AP4-AF4 -> 26 | AU4: 208.018 | AV4: -39.982
A5: Mechelen | B5: Antwerpen | C5: 12025 | D5: 86996 | E5: 88614 | F5: 89313 | G5: 89655 | H5: 159 | I5: 0 | J5: 1.8276702 | K5: 204 | L5: 4 | M5: 2.3449354 | N5: 214 | O5: 38 | P5: 2.4149683 | Q5: 0.42882614 | R5: 55 | S5: 0.58729805 | T5: 10 | U5: 0.07003289 | V5: 41 | W5: 0.46268084 | X5: 162 | Y5: 39 | Z5: 1.8281536 | AA5: 0.44011104 | AB5: 159 | AC5: 39 | AD5: 1.780256 | AE5: 0.43666655 | AF5: 160 | AG5: 44 | AH5: 1.7914525 | AI5: 0.49264945 | AJ5: =BattMobility!D171+cambio!D171+Claus2you!D171+CoopStroom!D171+Cozywheels!D171+Dégage!D171+Flexigo!D171+Klimaan!D171+Moovee!D171+Poppy!D171+'Mobilize Share'!D171+Stapp.in!D171 -> 157 | AK5: =BattMobility!E171+cambio!E171+Claus2you!E171+CoopStroom!E171+Cozywheels!E171+Dégage!E171+Flexigo!E171+Klimaan!E171+Moovee!E171+Poppy!E171+'Mobilize Share'!E171+Stapp.in!E171 -> 45 | AL5: =AJ5/G5*1000 -> 1.7511572 | AM5: =AK5/G5*1000 -> 0.50192404 | AN5: =AJ5-AB5 -> -2 | AO5: =AN5/AB5 -> -0.012578616 | AP5: =BattMobility!F171+cambio!F171+Claus2you!F171+CoopStroom!F171+Cozywheels!F171+Dégage!F171+Flexigo!F171+Klimaan!F171+Moovee!F171+Poppy!F171+'Mobilize Share'!F171+Stapp.in!F171 -> 157 | AQ5: =BattMobility!G171+cambio!G171+Claus2you!G171+CoopStroom!G171+Cozywheels!G171+Dégage!G171+Flexigo!G171+Klimaan!G171+Moovee!G171+Poppy!G171+'Mobilize Share'!G171+Stapp.in!G171 -> 52 | AR5: =AP5/G5*1000 -> 1.7511572 | AS5: =AQ5/G5*1000 -> 0.58000112 | AT5: =AP5-AF5 -> -3 | AU5: 178.626 | AV5: 18.626
A6: Brugge | B6: West-Vlaanderen | C6: 31005 | D6: 118509 | E6: 119541 | F6: 119869 | G6: 120283 | H6: 58 | I6: 10 | J6: 0.48941431 | K6: 75 | L6: 12 | M6: 0.63286333 | N6: 83 | O6: 23 | P6: 0.69432245 | Q6: 0.19240261 | R6: 25 | S6: 0.20490814 | T6: 8 | U6: 0.061459123 | V6: 28 | W6: 0.23422926 | X6: 103 | Y6: 31 | Z6: 0.86162906 | AA6: 0.25932525 | AB6: 109 | AC6: 32 | AD6: 0.90932601 | AE6: 0.2669581 | AF6: 124 | AG6: 41 | AH6: 1.0344626 | AI6: 0.34204006 | AJ6: =BattMobility!D45+cambio!D45+Claus2you!D45+CoopStroom!D45+Cozywheels!D45+Dégage!D45+Flexigo!D45+Klimaan!D45+Moovee!D45+Poppy!D45+'Mobilize Share'!D45+Stapp.in!D45 -> 128 | AK6: =BattMobility!E45+cambio!E45+Claus2you!E45+CoopStroom!E45+Cozywheels!E45+Dégage!E45+Flexigo!E45+Klimaan!E45+Moovee!E45+Poppy!E45+'Mobilize Share'!E45+Stapp.in!E45 -> 43 | AL6: =AJ6/G6*1000 -> 1.064157 | AM6: =AK6/G6*1000 -> 0.35749025 | AN6: =AJ6-AB6 -> 19 | AO6: =AN6/AB6 -> 0.17431193 | AP6: =BattMobility!F45+cambio!F45+Claus2you!F45+CoopStroom!F45+Cozywheels!F45+Dégage!F45+Flexigo!F45+Klimaan!F45+Moovee!F45+Poppy!F45+'Mobilize Share'!F45+Stapp.in!F45 -> 137 | AQ6: =BattMobility!G45+cambio!G45+Claus2you!G45+CoopStroom!G45+Cozywheels!G45+Dégage!G45+Flexigo!G45+Klimaan!G45+Moovee!G45+Poppy!G45+'Mobilize Share'!G45+Stapp.in!G45 -> 49 | AR6: =AP6/G6*1000 -> 1.1389806 | AS6: =AQ6/G6*1000 -> 0.40737261 | AT6: =AP6-AF6 -> 13 | AU6: 239.738 | AV6: 115.738
A7: Kortrijk | B7: West-Vlaanderen | C7: 34022 | D7: 77741 | E7: 78944 | F7: 80032 | G7: 80776 | H7: 27 | I7: 0 | J7: 0.34730708 | K7: 31 | L7: 0 | M7: 0.39875999 | N7: 32 | O7: 4 | P7: 0.40535063 | Q7: 0.050668829 | R7: 5 | S7: 0.058043545 | T7: 1 | U7: 0.0065906432 | V7: 15 | W7: 0.19000811 | X7: 43 | Y7: 8 | Z7: 0.54468991 | AA7: 0.10133766 | AB7: 49 | AC7: 7 | AD7: 0.6122551 | AE7: 0.087465014 | AF7: 52 | AG7: 7 | AH7: 0.6497401 | AI7: 0.087465014 | AJ7: =BattMobility!D133+cambio!D133+Claus2you!D133+CoopStroom!D133+Cozywheels!D133+Dégage!D133+Flexigo!D133+Klimaan!D133+Moovee!D133+Poppy!D133+'Mobilize Share'!D133+Stapp.in!D133 -> 54 | AK7: =BattMobility!E133+cambio!E133+Claus2you!E133+CoopStroom!E133+Cozywheels!E133+Dégage!E133+Flexigo!E133+Klimaan!E133+Moovee!E133+Poppy!E133+'Mobilize Share'!E133+Stapp.in!E133 -> 7 | AL7: =AJ7/G7*1000 -> 0.6685154 | AM7: =AK7/G7*1000 -> 0.086659404 | AN7: =AJ7-AB7 -> 5 | AO7: =AN7/AB7 -> 0.10204082 | AP7: =BattMobility!F133+cambio!F133+Claus2you!F133+CoopStroom!F133+Cozywheels!F133+Dégage!F133+Flexigo!F133+Klimaan!F133+Moovee!F133+Poppy!F133+'Mobilize Share'!F133+Stapp.in!F133 -> 55 | AQ7: =BattMobility!G133+cambio!G133+Claus2you!G133+CoopStroom!G133+Cozywheels!G133+Dégage!G133+Flexigo!G133+Klimaan!G133+Moovee!G133+Poppy!G133+'Mobilize Share'!G133+Stapp.in!G133 -> 8 | AR7: =AP7/G7*1000 -> 0.68089532 | AS7: =AQ7/G7*1000 -> 0.099039319 | AT7: =AP7-AF7 -> 3 | AU7: 160.064 | AV7: 108.064
A8: Sint-Niklaas | B8: Oost-Vlaanderen | C8: 46021 | D8: 80167 | E8: 81138 | F8: 81863 | G8: 82661 | H8: 22 | I8: 0 | J8: 0.27442713 | K8: 26 | L8: 0 | M8: 0.32432298 | N8: 26 | O8: 3 | P8: 0.32044172 | Q8: 0.036974044 | R8: 4 | S8: 0.046014583 | T8: 0 | U8: -0.0038812592 | V8: 10 | W8: 0.12324681 | X8: 43 | Y8: 4 | Z8: 0.5299613 | AA8: 0.049298726 | AB8: 50 | AC8: 6 | AD8: 0.61077654 | AE8: 0.073293185 | AF8: 50 | AG8: 6 | AH8: 0.61077654 | AI8: 0.073293185 | AJ8: =BattMobility!D229+cambio!D229+Claus2you!D229+CoopStroom!D229+Cozywheels!D229+Dégage!D229+Flexigo!D229+Klimaan!D229+Moovee!D229+Poppy!D229+'Mobilize Share'!D229+Stapp.in!D229 -> 43 | AK8: =BattMobility!E229+cambio!E229+Claus2you!E229+CoopStroom!E229+Cozywheels!E229+Dégage!E229+Flexigo!E229+Klimaan!E229+Moovee!E229+Poppy!E229+'Mobilize Share'!E229+Stapp.in!E229 -> 6 | AL8: =AJ8/G8*1000 -> 0.52019695 | AM8: =AK8/G8*1000 -> 0.072585621 | AN8: =AJ8-AB8 -> -7 | AO8: =AN8/AB8 -> -0.14 | AP8: =BattMobility!F229+cambio!F229+Claus2you!F229+CoopStroom!F229+Cozywheels!F229+Dégage!F229+Flexigo!F229+Klimaan!F229+Moovee!F229+Poppy!F229+'Mobilize Share'!F229+Stapp.in!F229 -> 55 | AQ8: =BattMobility!G229+cambio!G229+Claus2you!G229+CoopStroom!G229+Cozywheels!G229+Dégage!G229+Flexigo!G229+Klimaan!G229+Moovee!G229+Poppy!G229+'Mobilize Share'!G229+Stapp.in!G229 -> 12 | AR8: =AP8/G8*1000 -> 0.66536819 | AS8: =AQ8/G8*1000 -> 0.14517124 | AT8: =AP8-AF8 -> 5 | AU8: 163.726 | AV8: 113.726
A9: Hasselt | B9: Limburg | C9: 71072 | D9: 79524 | E9: 80351 | F9: 80828 | G9: 90249 | H9: 30 | I9: 0 | J9: 0.37724461 | K9: 39 | L9: 0 | M9: 0.49041799 | N9: 42 | O9: 8 | P9: 0.52270662 | Q9: 0.099563167 | R9: 12 | S9: 0.14546202 | T9: 3 | U9: 0.032288638 | V9: 5 | W9: 0.062226979 | X9: 44 | Y9: 9 | Z9: 0.54759742 | AA9: 0.11200856 | AB9: 49 | AC9: 11 | AD9: 0.60622557 | AE9: 0.13609145 | AF9: 50 | AG9: 10 | AH9: 0.61859752 | AI9: 0.1237195 | AJ9: =BattMobility!D87+cambio!D87+Claus2you!D87+CoopStroom!D87+Cozywheels!D87+Dégage!D87+Flexigo!D87+Klimaan!D87+Moovee!D87+Poppy!D87+'Mobilize Share'!D87+Stapp.in!D87 -> 50 | AK9: =BattMobility!E87+cambio!E87+Claus2you!E87+CoopStroom!E87+Cozywheels!E87+Dégage!E87+Flexigo!E87+Klimaan!E87+Moovee!E87+Poppy!E87+'Mobilize Share'!E87+Stapp.in!E87 -> 10 | AL9: =AJ9/G9*1000 -> 0.55402276 | AM9: =AK9/G9*1000 -> 0.11080455 | AN9: =AJ9-AB9 -> 1 | AO9: =AN9/AB9 -> 0.020408163 | AP9: =BattMobility!F87+cambio!F87+Claus2you!F87+CoopStroom!F87+Cozywheels!F87+Dégage!F87+Flexigo!F87+Klimaan!F87+Moovee!F87+Poppy!F87+'Mobilize Share'!F87+Stapp.in!F87 -> 52 | AQ9: =BattMobility!G87+cambio!G87+Claus2you!G87+CoopStroom!G87+Cozywheels!G87+Dégage!G87+Flexigo!G87+Klimaan!G87+Moovee!G87+Poppy!G87+'Mobilize Share'!G87+Stapp.in!G87 -> 11 | AR9: =AP9/G9*1000 -> 0.57618367 | AS9: =AQ9/G9*1000 -> 0.12188501 | AT9: =AP9-AF9 -> 2 | AU9: 161.656 | AV9: 111.656
A10: Merelbeke-Melle | B10: Oost-Vlaanderen | C10: 44088 | D10: 24886 | E10: 25200 | F10: 25229 | G10: 37369 | H10: 26 | I10: 1 | J10: 1.0447641 | K10: 30 | L10: 0 | M10: 1.2054971 | N10: 28 | O10: 6 | P10: 1.1111111 | Q10: 0.23809524 | R10: 2 | S10: 0.066346987 | T10: -2 | U10: -0.094385956 | V10: 19 | W10: 0.75396825 | X10: 27 | Y10: 3 | Z10: 1.0714286 | AA10: 0.11904762 | AB10: =32+'overzicht voor jun 25'!AA184 -> 42 | AC10: 7 | AD10: 1.2683816 | AE10: 0.27745848 | AF10: 36 | AG10: 10 | AH10: 1.4269293 | AI10: 0.39636926 | AJ10: =BattMobility!D176+cambio!D176+Claus2you!D176+CoopStroom!D176+Cozywheels!D176+Dégage!D176+Flexigo!D176+Klimaan!D176+Moovee!D176+Poppy!D176+'Mobilize Share'!D176+Stapp.in!D176 -> 52 | AK10: =BattMobility!E176+cambio!E176+Claus2you!E176+CoopStroom!E176+Cozywheels!E176+Dégage!E176+Flexigo!E176+Klimaan!E176+Moovee!E176+Poppy!E176+'Mobilize Share'!E176+Stapp.in!E176 -> 17 | AL10: =AJ10/G10*1000 -> 1.3915277 | AM10: =AK10/G10*1000 -> 0.45492253 | AN10: =AJ10-AB10 -> 10 | AO10: =AN10/AB10 -> 0.23809524 | AP10: =BattMobility!F176+cambio!F176+Claus2you!F176+CoopStroom!F176+Cozywheels!F176+Dégage!F176+Flexigo!F176+Klimaan!F176+Moovee!F176+Poppy!F176+'Mobilize Share'!F176+Stapp.in!F176 -> 50 | AQ10: =BattMobility!G176+cambio!G176+Claus2you!G176+CoopStroom!G176+Cozywheels!G176+Dégage!G176+Flexigo!G176+Klimaan!G176+Moovee!G176+Poppy!G176+'Mobilize Share'!G176+Stapp.in!G176 -> 15 | AR10: =AP10/G10*1000 -> 1.3380074 | AS10: =AQ10/G10*1000 -> 0.40140223 | AT10: =AP10-AF10 -> 14 | AU10: 50.458 | AV10: 14.458
A11: Turnhout | B11: Antwerpen | C11: 13040 | D11: 46372 | E11: 46923 | F11: 47305 | G11: 47965 | H11: 22 | I11: 0 | J11: 0.47442422 | K11: 22 | L11: 0 | M11: 0.47442422 | N11: 21 | O11: 6 | P11: 0.44754172 | Q11: 0.12786906 | R11: -1 | S11: -0.026882504 | T11: -1 | U11: -0.026882504 | V11: 10 | W11: 0.2131151 | X11: 29 | Y11: 8 | Z11: 0.6180338 | AA11: 0.17049208 | AB11: 32 | AC11: 12 | AD11: 0.67646126 | AE11: 0.25367297 | AF11: 40 | AG11: 17 | AH11: 0.84557658 | AI11: 0.35937005 | AJ11: =BattMobility!D247+cambio!D247+Claus2you!D247+CoopStroom!D247+Cozywheels!D247+Dégage!D247+Flexigo!D247+Klimaan!D247+Moovee!D247+Poppy!D247+'Mobilize Share'!D247+Stapp.in!D247 -> 43 | AK11: =BattMobility!E247+cambio!E247+Claus2you!E247+CoopStroom!E247+Cozywheels!E247+Dégage!E247+Flexigo!E247+Klimaan!E247+Moovee!E247+Poppy!E247+'Mobilize Share'!E247+Stapp.in!E247 -> 17 | AL11: =AJ11/G11*1000 -> 0.89648702 | AM11: =AK11/G11*1000 -> 0.3544251 | AN11: =AJ11-AB11 -> 11 | AO11: =AN11/AB11 -> 0.34375 | AP11: =BattMobility!F247+cambio!F247+Claus2you!F247+CoopStroom!F247+Cozywheels!F247+Dégage!F247+Flexigo!F247+Klimaan!F247+Moovee!F247+Poppy!F247+'Mobilize Share'!F247+Stapp.in!F247 -> 44 | AQ11: =BattMobility!G247+cambio!G247+Claus2you!G247+CoopStroom!G247+Cozywheels!G247+Dégage!G247+Flexigo!G247+Klimaan!G247+Moovee!G247+Poppy!G247+'Mobilize Share'!G247+Stapp.in!G247 -> 17 | AR11: =AP11/G11*1000 -> 0.91733556 | AS11: =AQ11/G11*1000 -> 0.3544251 | AT11: =AP11-AF11 -> 4 | AU11: 94.61 | AV11: 54.61
A12: Deinze | B12: Oost-Vlaanderen | C12: 44083 | D12: 44315 | E12: 44930 | F12: 45471 | G12: 46026 | H12: 20 | I12: 0 | J12: 0.45131445 | K12: 21 | L12: 0 | M12: 0.47388018 | N12: 25 | O12: 0 | P12: 0.5564211 | Q12: 0 | R12: 5 | S12: 0.10510665 | T12: 4 | U12: 0.082540923 | V12: 10 | W12: 0.22256844 | X12: 29 | Y12: 0 | Z12: 0.64544848 | AA12: 0 | AB12: 32 | AC12: 0 | AD12: 0.70374524 | AE12: 0 | AF12: 35 | AG12: 1 | AH12: 0.76972136 | AI12: 0.021992039 | AJ12: =BattMobility!D51+cambio!D51+Claus2you!D51+CoopStroom!D51+Cozywheels!D51+Dégage!D51+Flexigo!D51+Klimaan!D51+Moovee!D51+Poppy!D51+'Mobilize Share'!D51+Stapp.in!D51 -> 35 | AK12: =BattMobility!E51+cambio!E51+Claus2you!E51+CoopStroom!E51+Cozywheels!E51+Dégage!E51+Flexigo!E51+Klimaan!E51+Moovee!E51+Poppy!E51+'Mobilize Share'!E51+Stapp.in!E51 -> 1 | AL12: =AJ12/G12*1000 -> 0.76043975 | AM12: =AK12/G12*1000 -> 0.02172685 | AN12: =AJ12-AB12 -> 3 | AO12: =AN12/AB12 -> 0.09375 | AP12: =BattMobility!F51+cambio!F51+Claus2you!F51+CoopStroom!F51+Cozywheels!F51+Dégage!F51+Flexigo!F51+Klimaan!F51+Moovee!F51+Poppy!F51+'Mobilize Share'!F51+Stapp.in!F51 -> 38 | AQ12: =BattMobility!G51+cambio!G51+Claus2you!G51+CoopStroom!G51+Cozywheels!G51+Dégage!G51+Flexigo!G51+Klimaan!G51+Moovee!G51+Poppy!G51+'Mobilize Share'!G51+Stapp.in!G51 -> 1 | AR12: =AP12/G12*1000 -> 0.8256203 | AS12: =AQ12/G12*1000 -> 0.02172685 | AT12: =AP12-AF12 -> 3 | AU12: 90.942 | AV12: 55.942
A13: Roeselare | B13: West-Vlaanderen | C13: 36015 | D13: 64495 | E13: 65468 | F13: 66262 | G13: 66888 | H13: 18 | I13: 4 | J13: 0.2790914 | K13: 15 | L13: 4 | M13: 0.23257617 | N13: 14 | O13: 3 | P13: 0.21384493 | Q13: 0.045823914 | R13: -4 | S13: -0.065246471 | T13: -1 | U13: -0.018731237 | V13: 6 | W13: 0.091647828 | X13: 19 | Y13: 3 | Z13: 0.29021812 | AA13: 0.045823914 | AB13: 25 | AC13: 3 | AD13: 0.37729015 | AE13: 0.045274818 | AF13: 28 | AG13: 5 | AH13: 0.42256497 | AI13: 0.07545803 | AJ13: =BattMobility!D214+cambio!D214+Claus2you!D214+CoopStroom!D214+Cozywheels!D214+Dégage!D214+Flexigo!D214+Klimaan!D214+Moovee!D214+Poppy!D214+'Mobilize Share'!D214+Stapp.in!D214 -> 29 | AK13: =BattMobility!E214+cambio!E214+Claus2you!E214+CoopStroom!E214+Cozywheels!E214+Dégage!E214+Flexigo!E214+Klimaan!E214+Moovee!E214+Poppy!E214+'Mobilize Share'!E214+Stapp.in!E214 -> 7 | AL13: =AJ13/G13*1000 -> 0.43356058 | AM13: =AK13/G13*1000 -> 0.10465255 | AN13: =AJ13-AB13 -> 4 | AO13: =AN13/AB13 -> 0.16 | AP13: =BattMobility!F214+cambio!F214+Claus2you!F214+CoopStroom!F214+Cozywheels!F214+Dégage!F214+Flexigo!F214+Klimaan!F214+Moovee!F214+Poppy!F214+'Mobilize Share'!F214+Stapp.in!F214 -> 34 | AQ13: =BattMobility!G214+cambio!G214+Claus2you!G214+CoopStroom!G214+Cozywheels!G214+Dégage!G214+Flexigo!G214+Klimaan!G214+Moovee!G214+Poppy!G214+'Mobilize Share'!G214+Stapp.in!G214 -> 6 | AR13: =AP13/G13*1000 -> 0.5083124 | AS13: =AQ13/G13*1000 -> 0.089702189 | AT13: =AP13-AF13 -> 6 | AU13: 132.524 | AV13: 104.524
A14: Oostende | B14: West-Vlaanderen | C14: 35013 | D14: 71557 | E14: 72175 | F14: 72586 | G14: 72817 | H14: 21 | I14: 0 | J14: 0.29347234 | K14: 23 | L14: 0 | M14: 0.32142208 | N14: 27 | O14: 1 | P14: 0.37409075 | Q14: 0.013855213 | R14: 6 | S14: 0.080618415 | T14: 4 | U14: 0.052668669 | V14: 5 | W14: 0.069276065 | X14: 32 | Y14: 1 | Z14: 0.44336682 | AA14: 0.013855213 | AB14: 32 | AC14: 1 | AD14: 0.44085636 | AE14: 0.013776761 | AF14: 36 | AG14: 1 | AH14: 0.49596341 | AI14: 0.013776761 | AJ14: =BattMobility!D190+cambio!D190+Claus2you!D190+CoopStroom!D190+Cozywheels!D190+Dégage!D190+Flexigo!D190+Klimaan!D190+Moovee!D190+Poppy!D190+'Mobilize Share'!D190+Stapp.in!D190 -> 38 | AK14: =BattMobility!E190+cambio!E190+Claus2you!E190+CoopStroom!E190+Cozywheels!E190+Dégage!E190+Flexigo!E190+Klimaan!E190+Moovee!E190+Poppy!E190+'Mobilize Share'!E190+Stapp.in!E190 -> 1 | AL14: =AJ14/G14*1000 -> 0.52185616 | AM14: =AK14/G14*1000 -> 0.013733057 | AN14: =AJ14-AB14 -> 6 | AO14: =AN14/AB14 -> 0.1875 | AP14: =BattMobility!F190+cambio!F190+Claus2you!F190+CoopStroom!F190+Cozywheels!F190+Dégage!F190+Flexigo!F190+Klimaan!F190+Moovee!F190+Poppy!F190+'Mobilize Share'!F190+Stapp.in!F190 -> 34 | AQ14: =BattMobility!G190+cambio!G190+Claus2you!G190+CoopStroom!G190+Cozywheels!G190+Dégage!G190+Flexigo!G190+Klimaan!G190+Moovee!G190+Poppy!G190+'Mobilize Share'!G190+Stapp.in!G190 -> 2 | AR14: =AP14/G14*1000 -> 0.46692393 | AS14: =AQ14/G14*1000 -> 0.027466114 | AT14: =AP14-AF14 -> -2 | AU14: 145.172 | AV14: 109.172
A15: Aalst | B15: Oost-Vlaanderen | C15: 41002 | D15: 88854 | E15: 90068 | F15: 90995 | G15: 92131 | H15: 20 | I15: 0 | J15: 0.22508835 | K15: 19 | L15: 0 | M15: 0.21383393 | N15: 21 | O15: 6 | P15: 0.23315717 | Q15: 0.066616334 | R15: 1 | S15: 0.008068823 | T15: 2 | U15: 0.01932324 | V15: 1 | W15: 0.011102722 | X15: 26 | Y15: 5 | Z15: 0.28867078 | AA15: 0.055513612 | AB15: 34 | AC15: 10 | AD15: 0.3736469 | AE15: 0.10989615 | AF15: 38 | AG15: 10 | AH15: 0.41760536 | AI15: 0.10989615 | AJ15: =BattMobility!D2+cambio!D2+Claus2you!D2+CoopStroom!D2+Cozywheels!D2+Dégage!D2+Flexigo!D2+Klimaan!D2+Moovee!D2+Poppy!D2+'Mobilize Share'!D2+Stapp.in!D2 -> 34 | AK15: =BattMobility!E2+cambio!E2+Claus2you!E2+CoopStroom!E2+Cozywheels!E2+Dégage!E2+Flexigo!E2+Klimaan!E2+Moovee!E2+Poppy!E2+'Mobilize Share'!E2+Stapp.in!E2 -> 8 | AL15: =AJ15/G15*1000 -> 0.36903974 | AM15: =AK15/G15*1000 -> 0.086832879 | AN15: =AJ15-AB15 -> 0 | AO15: =AN15/AB15 -> 0 | AP15: =BattMobility!F2+cambio!F2+Claus2you!F2+CoopStroom!F2+Cozywheels!F2+Dégage!F2+Flexigo!F2+Klimaan!F2+Moovee!F2+Poppy!F2+'Mobilize Share'!F2+Stapp.in!F2 -> 34 | AQ15: =BattMobility!G2+cambio!G2+Claus2you!G2+CoopStroom!G2+Cozywheels!G2+Dégage!G2+Flexigo!G2+Klimaan!G2+Moovee!G2+Poppy!G2+'Mobilize Share'!G2+Stapp.in!G2 -> 10 | AR15: =AP15/G15*1000 -> 0.36903974 | AS15: =AQ15/G15*1000 -> 0.1085411 | AT15: =AP15-AF15 -> -4 | AU15: 181.99 | AV15: 143.99
A16: Mortsel | B16: Antwerpen | C16: 11029 | D16: 26189 | E16: 26391 | F16: 26588 | G16: 26736 | H16: 26 | I16: 4 | J16: 0.99278323 | K16: 35 | L16: 6 | M16: 1.336439 | N16: 61 | O16: 5 | P16: 2.311394 | Q16: 0.18945853 | R16: 35 | S16: 1.3186108 | T16: 26 | U16: 0.97495507 | V16: 4 | W16: 0.15156682 | X16: 63 | Y16: 1 | Z16: 2.3871774 | AA16: 0.037891706 | AB16: 66 | AC16: 4 | AD16: 2.4823229 | AE16: 0.15044381 | AF16: 36 | AG16: 4 | AH16: 1.3539943 | AI16: 0.15044381 | AJ16: =BattMobility!D182+cambio!D182+Claus2you!D182+CoopStroom!D182+Cozywheels!D182+Dégage!D182+Flexigo!D182+Klimaan!D182+Moovee!D182+Poppy!D182+'Mobilize Share'!D182+Stapp.in!D182 -> 33 | AK16: =BattMobility!E182+cambio!E182+Claus2you!E182+CoopStroom!E182+Cozywheels!E182+Dégage!E182+Flexigo!E182+Klimaan!E182+Moovee!E182+Poppy!E182+'Mobilize Share'!E182+Stapp.in!E182 -> 3 | AL16: =AJ16/G16*1000 -> 1.2342908 | AM16: =AK16/G16*1000 -> 0.11220826 | AN16: =AJ16-AB16 -> -33 | AO16: =AN16/AB16 -> -0.5 | AP16: =BattMobility!F182+cambio!F182+Claus2you!F182+CoopStroom!F182+Cozywheels!F182+Dégage!F182+Flexigo!F182+Klimaan!F182+Moovee!F182+Poppy!F182+'Mobilize Share'!F182+Stapp.in!F182 -> 33 | AQ16: =BattMobility!G182+cambio!G182+Claus2you!G182+CoopStroom!G182+Cozywheels!G182+Dégage!G182+Flexigo!G182+Klimaan!G182+Moovee!G182+Poppy!G182+'Mobilize Share'!G182+Stapp.in!G182 -> 3 | AR16: =AP16/G16*1000 -> 1.2342908 | AS16: =AQ16/G16*1000 -> 0.11220826 | AT16: =AP16-AF16 -> -3 | AU16: 53.176 | AV16: 17.176
A17: Beveren-Kruibeke-Zwijndrecht | B17: Oost-Vlaanderen | C17: 46030 | D17: 49531 | E17: 50300 | F17: 50838 | G17: 87927 | H17: 9 | I17: 0 | J17: 0.18170439 | K17: 7 | L17: 0 | M17: 0.14132563 | N17: 8 | O17: 2 | P17: 0.15904573 | Q17: 0.039761431 | R17: -1 | S17: -0.022658662 | T17: 1 | U17: 0.017720091 | V17: 0 | W17: 0 | X17: 8 | Y17: 2 | Z17: 0.15904573 | AA17: 0.039761431 | AB17: =10+'overzicht voor jun 25'!AA144+'overzicht voor jun 25'!AA301 -> 23 | AC17: =4+'overzicht voor jun 25'!AB301+'overzicht voor jun 25'!AB144 -> 9 | AD17: 0.19670325 | AE17: 0.078681301 | AF17: 11 | AG17: 5 | AH17: 0.21637358 | AI17: 0.098351627 | AJ17: =BattMobility!D29+cambio!D29+Claus2you!D29+CoopStroom!D29+Cozywheels!D29+Dégage!D29+Flexigo!D29+Klimaan!D29+Moovee!D29+Poppy!D29+'Mobilize Share'!D29+Stapp.in!D29 -> 30 | AK17: =BattMobility!E29+cambio!E29+Claus2you!E29+CoopStroom!E29+Cozywheels!E29+Dégage!E29+Flexigo!E29+Klimaan!E29+Moovee!E29+Poppy!E29+'Mobilize Share'!E29+Stapp.in!E29 -> 13 | AL17: =AJ17/G17*1000 -> 0.34119213 | AM17: =AK17/G17*1000 -> 0.14784992 | AN17: =AJ17-AB17 -> 7 | AO17: =AN17/AB17 -> 0.30434783 | AP17: =BattMobility!F29+cambio!F29+Claus2you!F29+CoopStroom!F29+Cozywheels!F29+Dégage!F29+Flexigo!F29+Klimaan!F29+Moovee!F29+Poppy!F29+'Mobilize Share'!F29+Stapp.in!F29 -> 30 | AQ17: =BattMobility!G29+cambio!G29+Claus2you!G29+CoopStroom!G29+Cozywheels!G29+Dégage!G29+Flexigo!G29+Klimaan!G29+Moovee!G29+Poppy!G29+'Mobilize Share'!G29+Stapp.in!G29 -> 13 | AR17: =AP17/G17*1000 -> 0.34119213 | AS17: =AQ17/G17*1000 -> 0.14784992 | AT17: =AP17-AF17 -> 19 | AU17: 101.676 | AV17: 90.676
A18: Lier | B18: Antwerpen | C18: 12021 | D18: 37309 | E18: 37909 | F18: 38210 | G18: 38517 | H18: 19 | I18: 0 | J18: 0.5092605 | K18: 21 | L18: 0 | M18: 0.56286687 | N18: 28 | O18: 2 | P18: 0.73861088 | Q18: 0.05275792 | R18: 9 | S18: 0.22935038 | T18: 7 | U18: 0.17574402 | V18: 8 | W18: 0.21103168 | X18: 29 | Y18: 1 | Z18: 0.76498984 | AA18: 0.02637896 | AB18: 32 | AC18: 1 | AD18: 0.8374771 | AE18: 0.026171159 | AF18: 32 | AG18: 1 | AH18: 0.8374771 | AI18: 0.026171159 | AJ18: =BattMobility!D151+cambio!D151+Claus2you!D151+CoopStroom!D151+Cozywheels!D151+Dégage!D151+Flexigo!D151+Klimaan!D151+Moovee!D151+Poppy!D151+'Mobilize Share'!D151+Stapp.in!D151 -> 30 | AK18: =BattMobility!E151+cambio!E151+Claus2you!E151+CoopStroom!E151+Cozywheels!E151+Dégage!E151+Flexigo!E151+Klimaan!E151+Moovee!E151+Poppy!E151+'Mobilize Share'!E151+Stapp.in!E151 -> 1 | AL18: =AJ18/G18*1000 -> 0.77887686 | AM18: =AK18/G18*1000 -> 0.025962562 | AN18: =AJ18-AB18 -> -2 | AO18: =AN18/AB18 -> -0.0625 | AP18: =BattMobility!F151+cambio!F151+Claus2you!F151+CoopStroom!F151+Cozywheels!F151+Dégage!F151+Flexigo!F151+Klimaan!F151+Moovee!F151+Poppy!F151+'Mobilize Share'!F151+Stapp.in!F151 -> 29 | AQ18: =BattMobility!G151+cambio!G151+Claus2you!G151+CoopStroom!G151+Cozywheels!G151+Dégage!G151+Flexigo!G151+Klimaan!G151+Moovee!G151+Poppy!G151+'Mobilize Share'!G151+Stapp.in!G151 -> 1 | AR18: =AP18/G18*1000 -> 0.7529143 | AS18: =AQ18/G18*1000 -> 0.025962562 | AT18: =AP18-AF18 -> -3 | AU18: 76.42 | AV18: 44.42
A19: Herent | B19: Vlaams-Brabant | C19: 24038 | D19: 22430 | E19: 22723 | F19: 23007 | G19: 23081 | H19: 16 | I19: 0 | J19: 0.71333036 | K19: 14 | L19: 0 | M19: 0.62416407 | N19: 16 | O19: 4 | P19: 0.70413238 | Q19: 0.17603309 | R19: 0 | S19: -0.0091979842 | T19: 2 | U19: 0.079968311 | V19: 10 | W19: 0.44008274 | X19: 17 | Y19: 4 | Z19: 0.74814065 | AA19: 0.17603309 | AB19: 19 | AC19: 6 | AD19: 0.82583562 | AE19: 0.26079019 | AF19: 25 | AG19: 8 | AH19: 1.0866258 | AI19: 0.34772026 | AJ19: =BattMobility!D92+cambio!D92+Claus2you!D92+CoopStroom!D92+Cozywheels!D92+Dégage!D92+Flexigo!D92+Klimaan!D92+Moovee!D92+Poppy!D92+'Mobilize Share'!D92+Stapp.in!D92 -> 25 | AK19: =BattMobility!E92+cambio!E92+Claus2you!E92+CoopStroom!E92+Cozywheels!E92+Dégage!E92+Flexigo!E92+Klimaan!E92+Moovee!E92+Poppy!E92+'Mobilize Share'!E92+Stapp.in!E92 -> 8 | AL19: =AJ19/G19*1000 -> 1.083142 | AM19: =AK19/G19*1000 -> 0.34660543 | AN19: =AJ19-AB19 -> 6 | AO19: =AN19/AB19 -> 0.31578947 | AP19: =BattMobility!F92+cambio!F92+Claus2you!F92+CoopStroom!F92+Cozywheels!F92+Dégage!F92+Flexigo!F92+Klimaan!F92+Moovee!F92+Poppy!F92+'Mobilize Share'!F92+Stapp.in!F92 -> 23 | AQ19: =BattMobility!G92+cambio!G92+Claus2you!G92+CoopStroom!G92+Cozywheels!G92+Dégage!G92+Flexigo!G92+Klimaan!G92+Moovee!G92+Poppy!G92+'Mobilize Share'!G92+Stapp.in!G92 -> 7 | AR19: =AP19/G19*1000 -> 0.99649062 | AS19: =AQ19/G19*1000 -> 0.30327975 | AT19: =AP19-AF19 -> -2 | AU19: 46.014 | AV19: 21.014
A20: Halle | B20: Vlaams-Brabant | C20: 23027 | D20: 41284 | E20: 42047 | F20: 42595 | G20: 42884 | H20: 18 | I20: 1 | J20: 0.43600426 | K20: 13 | L20: 1 | M20: 0.31489197 | N20: 15 | O20: 5 | P20: 0.35674364 | Q20: 0.11891455 | R20: -3 | S20: -0.079260619 | T20: 2 | U20: 0.041851676 | V20: 9 | W20: 0.21404619 | X20: 17 | Y20: 4 | Z20: 0.40430946 | AA20: 0.095131638 | AB20: 18 | AC20: 4 | AD20: 0.42258481 | AE20: 0.093907736 | AF20: 21 | AG20: 3 | AH20: 0.49301561 | AI20: 0.070430802 | AJ20: =BattMobility!D83+cambio!D83+Claus2you!D83+CoopStroom!D83+Cozywheels!D83+Dégage!D83+Flexigo!D83+Klimaan!D83+Moovee!D83+Poppy!D83+'Mobilize Share'!D83+Stapp.in!D83 -> 21 | AK20: =BattMobility!E83+cambio!E83+Claus2you!E83+CoopStroom!E83+Cozywheels!E83+Dégage!E83+Flexigo!E83+Klimaan!E83+Moovee!E83+Poppy!E83+'Mobilize Share'!E83+Stapp.in!E83 -> 3 | AL20: =AJ20/G20*1000 -> 0.48969313 | AM20: =AK20/G20*1000 -> 0.069956161 | AN20: =AJ20-AB20 -> 3 | AO20: =AN20/AB20 -> 0.16666667 | AP20: =BattMobility!F83+cambio!F83+Claus2you!F83+CoopStroom!F83+Cozywheels!F83+Dégage!F83+Flexigo!F83+Klimaan!F83+Moovee!F83+Poppy!F83+'Mobilize Share'!F83+Stapp.in!F83 -> 22 | AQ20: =BattMobility!G83+cambio!G83+Claus2you!G83+CoopStroom!G83+Cozywheels!G83+Dégage!G83+Flexigo!G83+Klimaan!G83+Moovee!G83+Poppy!G83+'Mobilize Share'!G83+Stapp.in!G83 -> 3 | AR20: =AP20/G20*1000 -> 0.51301185 | AS20: =AQ20/G20*1000 -> 0.069956161 | AT20: =AP20-AF20 -> 1 | AU20: 85.19 | AV20: 64.19
A21: Destelbergen | B21: Oost-Vlaanderen | C21: 44013 | D21: 18856 | E21: 19097 | F21: 19110 | G21: 19088 | H21: 11 | I21: 0 | J21: 0.58336869 | K21: 13 | L21: 1 | M21: 0.68943572 | N21: 16 | O21: 4 | P21: 0.83782793 | Q21: 0.20945698 | R21: 5 | S21: 0.25445924 | T21: 3 | U21: 0.14839221 | V21: 12 | W21: 0.62837095 | X21: 16 | Y21: 4 | Z21: 0.83782793 | AA21: 0.20945698 | AB21: 17 | AC21: 3 | AD21: 0.8895866 | AE21: 0.15698587 | AF21: 18 | AG21: 4 | AH21: 0.94191523 | AI21: 0.2093145 | AJ21: =BattMobility!D56+cambio!D56+Claus2you!D56+CoopStroom!D56+Cozywheels!D56+Dégage!D56+Flexigo!D56+Klimaan!D56+Moovee!D56+Poppy!D56+'Mobilize Share'!D56+Stapp.in!D56 -> 19 | AK21: =BattMobility!E56+cambio!E56+Claus2you!E56+CoopStroom!E56+Cozywheels!E56+Dégage!E56+Flexigo!E56+Klimaan!E56+Moovee!E56+Poppy!E56+'Mobilize Share'!E56+Stapp.in!E56 -> 5 | AL21: =AJ21/G21*1000 -> 0.99538977 | AM21: =AK21/G21*1000 -> 0.26194468 | AN21: =AJ21-AB21 -> 2 | AO21: =AN21/AB21 -> 0.11764706 | AP21: =BattMobility!F56+cambio!F56+Claus2you!F56+CoopStroom!F56+Cozywheels!F56+Dégage!F56+Flexigo!F56+Klimaan!F56+Moovee!F56+Poppy!F56+'Mobilize Share'!F56+Stapp.in!F56 -> 21 | AQ21: =BattMobility!G56+cambio!G56+Claus2you!G56+CoopStroom!G56+Cozywheels!G56+Dégage!G56+Flexigo!G56+Klimaan!G56+Moovee!G56+Poppy!G56+'Mobilize Share'!G56+Stapp.in!G56 -> 6 | AR21: =AP21/G21*1000 -> 1.1001676 | AS21: =AQ21/G21*1000 -> 0.31433361 | AT21: =AP21-AF21 -> 3 | AU21: 38.22 | AV21: 20.22
A22: Lokeren | B22: Oost-Vlaanderen | C22: 46029 | D22: 42703 | E22: 43064 | F22: 43554 | G22: 50606 | H22: 9 | I22: 0 | J22: 0.21075803 | K22: 10 | L22: 0 | M22: 0.23417558 | N22: 10 | O22: 5 | P22: 0.23221252 | Q22: 0.11610626 | R22: 1 | S22: 0.021454495 | T22: 0 | U22: -0.001963064 | V22: 2 | W22: 0.046442504 | X22: 16 | Y22: 5 | Z22: 0.37154003 | AA22: 0.11610626 | AB22: =17+'overzicht voor jun 25'!AA192 -> 19 | AC22: 5 | AD22: 0.39032006 | AE22: 0.11480002 | AF22: 14 | AG22: 3 | AH22: 0.32144005 | AI22: 0.068880011 | AJ22: =BattMobility!D160+cambio!D160+Claus2you!D160+CoopStroom!D160+Cozywheels!D160+Dégage!D160+Flexigo!D160+Klimaan!D160+Moovee!D160+Poppy!D160+'Mobilize Share'!D160+Stapp.in!D160 -> 18 | AK22: =BattMobility!E160+cambio!E160+Claus2you!E160+CoopStroom!E160+Cozywheels!E160+Dégage!E160+Flexigo!E160+Klimaan!E160+Moovee!E160+Poppy!E160+'Mobilize Share'!E160+Stapp.in!E160 -> 4 | AL22: =AJ22/G22*1000 -> 0.35568905 | AM22: =AK22/G22*1000 -> 0.079042011 | AN22: =AJ22-AB22 -> -1 | AO22: =AN22/AB22 -> -0.052631579 | AP22: =BattMobility!F160+cambio!F160+Claus2you!F160+CoopStroom!F160+Cozywheels!F160+Dégage!F160+Flexigo!F160+Klimaan!F160+Moovee!F160+Poppy!F160+'Mobilize Share'!F160+Stapp.in!F160 -> 21 | AQ22: =BattMobility!G160+cambio!G160+Claus2you!G160+CoopStroom!G160+Cozywheels!G160+Dégage!G160+Flexigo!G160+Klimaan!G160+Moovee!G160+Poppy!G160+'Mobilize Share'!G160+Stapp.in!G160 -> 6 | AR22: =AP22/G22*1000 -> 0.41497056 | AS22: =AQ22/G22*1000 -> 0.11856302 | AT22: =AP22-AF22 -> 7 | AU22: 87.108 | AV22: 73.108
A23: Harelbeke | B23: West-Vlaanderen | C23: 34013 | D23: 29095 | E23: 29574 | F23: 29904 | G23: 30311 | H23: 14 | I23: 2 | J23: 0.48118233 | K23: 16 | L23: 2 | M23: 0.54992267 | N23: 16 | O23: 12 | P23: 0.54101576 | Q23: 0.40576182 | R23: 2 | S23: 0.059833423 | T23: 0 | U23: -0.00890691 | V23: 2 | W23: 0.06762697 | X23: 17 | Y23: 12 | Z23: 0.57482924 | AA23: 0.40576182 | AB23: 17 | AC23: 12 | AD23: 0.56848582 | AE23: 0.40128411 | AF23: 20 | AG23: 14 | AH23: 0.66880685 | AI23: 0.46816479 | AJ23: =BattMobility!D86+cambio!D86+Claus2you!D86+CoopStroom!D86+Cozywheels!D86+Dégage!D86+Flexigo!D86+Klimaan!D86+Moovee!D86+Poppy!D86+'Mobilize Share'!D86+Stapp.in!D86 -> 18 | AK23: =BattMobility!E86+cambio!E86+Claus2you!E86+CoopStroom!E86+Cozywheels!E86+Dégage!E86+Flexigo!E86+Klimaan!E86+Moovee!E86+Poppy!E86+'Mobilize Share'!E86+Stapp.in!E86 -> 12 | AL23: =AJ23/G23*1000 -> 0.59384382 | AM23: =AK23/G23*1000 -> 0.39589588 | AN23: =AJ23-AB23 -> 1 | AO23: =AN23/AB23 -> 0.058823529 | AP23: =BattMobility!F86+cambio!F86+Claus2you!F86+CoopStroom!F86+Cozywheels!F86+Dégage!F86+Flexigo!F86+Klimaan!F86+Moovee!F86+Poppy!F86+'Mobilize Share'!F86+Stapp.in!F86 -> 18 | AQ23: =BattMobility!G86+cambio!G86+Claus2you!G86+CoopStroom!G86+Cozywheels!G86+Dégage!G86+Flexigo!G86+Klimaan!G86+Moovee!G86+Poppy!G86+'Mobilize Share'!G86+Stapp.in!G86 -> 12 | AR23: =AP23/G23*1000 -> 0.59384382 | AS23: =AQ23/G23*1000 -> 0.39589588 | AT23: =AP23-AF23 -> -2 | AU23: 59.808 | AV23: 39.808
A24: Vilvoorde | B24: Vlaams-Brabant | C24: 23088 | D24: 46354 | E24: 46993 | F24: 47445 | G24: 48040 | H24: 7 | I24: 0 | J24: 0.15101178 | K24: 7 | L24: 0 | M24: 0.15101178 | N24: 8 | O24: 0 | P24: 0.17023812 | Q24: 0 | R24: 1 | S24: 0.019226342 | T24: 1 | U24: 0.019226342 | V24: 0 | W24: 0 | X24: 10 | Y24: 0 | Z24: 0.21279765 | AA24: 0 | AB24: 10 | AC24: 0 | AD24: 0.21077037 | AE24: 0 | AF24: 12 | AG24: 0 | AH24: 0.25292444 | AI24: 0 | AJ24: =BattMobility!D249+cambio!D249+Claus2you!D249+CoopStroom!D249+Cozywheels!D249+Dégage!D249+Flexigo!D249+Klimaan!D249+Moovee!D249+Poppy!D249+'Mobilize Share'!D249+Stapp.in!D249 -> 15 | AK24: =BattMobility!E249+cambio!E249+Claus2you!E249+CoopStroom!E249+Cozywheels!E249+Dégage!E249+Flexigo!E249+Klimaan!E249+Moovee!E249+Poppy!E249+'Mobilize Share'!E249+Stapp.in!E249 -> 0 | AL24: =AJ24/G24*1000 -> 0.3122398 | AM24: =AK24/G24*1000 -> 0 | AN24: =AJ24-AB24 -> 5 | AO24: =AN24/AB24 -> 0.5 | AP24: =BattMobility!F249+cambio!F249+Claus2you!F249+CoopStroom!F249+Cozywheels!F249+Dégage!F249+Flexigo!F249+Klimaan!F249+Moovee!F249+Poppy!F249+'Mobilize Share'!F249+Stapp.in!F249 -> 17 | AQ24: =BattMobility!G249+cambio!G249+Claus2you!G249+CoopStroom!G249+Cozywheels!G249+Dégage!G249+Flexigo!G249+Klimaan!G249+Moovee!G249+Poppy!G249+'Mobilize Share'!G249+Stapp.in!G249 -> 0 | AR24: =AP24/G24*1000 -> 0.35387177 | AS24: =AQ24/G24*1000 -> 0 | AT24: =AP24-AF24 -> 5 | AU24: 94.89 | AV24: 82.89
A25: Nazareth-De Pinte | B25: Oost-Vlaanderen | C25: 44086 | D25: 12040 | E25: 12214 | F25: 12305 | G25: 23574 | H25: 1 | I25: 0 | J25: 0.083056478 | K25: 6 | L25: 0 | M25: 0.49833887 | N25: 5 | O25: 0 | P25: 0.4093663 | Q25: 0 | R25: 4 | S25: 0.32630982 | T25: -1 | U25: -0.088972569 | V25: 5 | W25: 0.4093663 | X25: 5 | Y25: 2 | Z25: 0.4093663 | AA25: 0.16374652 | AB25: =4+'overzicht voor jun 25'!AA52 -> 13 | AC25: =2+'overzicht voor jun 25'!AB52 -> 3 | AD25: 0.32507111 | AE25: 0.16253555 | AF25: 8 | AG25: 2 | AH25: 0.65014222 | AI25: 0.16253555 | AJ25: =BattMobility!D183+cambio!D183+Claus2you!D183+CoopStroom!D183+Cozywheels!D183+Dégage!D183+Flexigo!D183+Klimaan!D183+Moovee!D183+Poppy!D183+'Mobilize Share'!D183+Stapp.in!D183 -> 15 | AK25: =BattMobility!E183+cambio!E183+Claus2you!E183+CoopStroom!E183+Cozywheels!E183+Dégage!E183+Flexigo!E183+Klimaan!E183+Moovee!E183+Poppy!E183+'Mobilize Share'!E183+Stapp.in!E183 -> 4 | AL25: =AJ25/G25*1000 -> 0.63629422 | AM25: =AK25/G25*1000 -> 0.16967846 | AN25: =AJ25-AB25 -> 2 | AO25: =AN25/AB25 -> 0.15384615 | AP25: =BattMobility!F183+cambio!F183+Claus2you!F183+CoopStroom!F183+Cozywheels!F183+Dégage!F183+Flexigo!F183+Klimaan!F183+Moovee!F183+Poppy!F183+'Mobilize Share'!F183+Stapp.in!F183 -> 16 | AQ25: =BattMobility!G183+cambio!G183+Claus2you!G183+CoopStroom!G183+Cozywheels!G183+Dégage!G183+Flexigo!G183+Klimaan!G183+Moovee!G183+Poppy!G183+'Mobilize Share'!G183+Stapp.in!G183 -> 6 | AR25: =AP25/G25*1000 -> 0.67871384 | AS25: =AQ25/G25*1000 -> 0.25451769 | AT25: =AP25-AF25 -> 8 | AU25: 24.61 | AV25: 16.61
A26: Ieper | B26: West-Vlaanderen | C26: 33011 | D26: 35039 | E26: 35387 | F26: 35550 | G26: 35587 | H26: 9 | I26: 0 | J26: 0.25685665 | K26: 6 | L26: 0 | M26: 0.17123776 | N26: 9 | O26: 0 | P26: 0.25433069 | Q26: 0 | R26: 0 | S26: -0.002525959 | T26: 3 | U26: 0.083092923 | V26: 2 | W26: 0.05651793 | X26: 12 | Y26: 0 | Z26: 0.33910758 | AA26: 0 | AB26: 14 | AC26: 1 | AD26: 0.39381153 | AE26: 0.028129395 | AF26: 15 | AG26: 1 | AH26: 0.42194093 | AI26: 0.028129395 | AJ26: =BattMobility!D113+cambio!D113+Claus2you!D113+CoopStroom!D113+Cozywheels!D113+Dégage!D113+Flexigo!D113+Klimaan!D113+Moovee!D113+Poppy!D113+'Mobilize Share'!D113+Stapp.in!D113 -> 15 | AK26: =BattMobility!E113+cambio!E113+Claus2you!E113+CoopStroom!E113+Cozywheels!E113+Dégage!E113+Flexigo!E113+Klimaan!E113+Moovee!E113+Poppy!E113+'Mobilize Share'!E113+Stapp.in!E113 -> 1 | AL26: =AJ26/G26*1000 -> 0.42150223 | AM26: =AK26/G26*1000 -> 0.028100149 | AN26: =AJ26-AB26 -> 1 | AO26: =AN26/AB26 -> 0.071428571 | AP26: =BattMobility!F113+cambio!F113+Claus2you!F113+CoopStroom!F113+Cozywheels!F113+Dégage!F113+Flexigo!F113+Klimaan!F113+Moovee!F113+Poppy!F113+'Mobilize Share'!F113+Stapp.in!F113 -> 16 | AQ26: =BattMobility!G113+cambio!G113+Claus2you!G113+CoopStroom!G113+Cozywheels!G113+Dégage!G113+Flexigo!G113+Klimaan!G113+Moovee!G113+Poppy!G113+'Mobilize Share'!G113+Stapp.in!G113 -> 1 | AR26: =AP26/G26*1000 -> 0.44960238 | AS26: =AQ26/G26*1000 -> 0.028100149 | AT26: =AP26-AF26 -> 1 | AU26: 71.1 | AV26: 56.1
A27: Oudenaarde | B27: Oost-Vlaanderen | C27: 45035 | D27: 31866 | E27: 32482 | F27: 32702 | G27: 32930 | H27: 7 | I27: 0 | J27: 0.21966987 | K27: 8 | L27: 0 | M27: 0.25105128 | N27: 8 | O27: 3 | P27: 0.24629025 | Q27: 0.092358845 | R27: 1 | S27: 0.026620385 | T27: 0 | U27: -0.0047610242 | V27: 4 | W27: 0.12314513 | X27: 7 | Y27: 3 | Z27: 0.21550397 | AA27: 0.092358845 | AB27: 8 | AC27: 5 | AD27: 0.24463336 | AE27: 0.15289585 | AF27: 10 | AG27: 7 | AH27: 0.30579169 | AI27: 0.21405419 | AJ27: =BattMobility!D197+cambio!D197+Claus2you!D197+CoopStroom!D197+Cozywheels!D197+Dégage!D197+Flexigo!D197+Klimaan!D197+Moovee!D197+Poppy!D197+'Mobilize Share'!D197+Stapp.in!D197 -> 10 | AK27: =BattMobility!E197+cambio!E197+Claus2you!E197+CoopStroom!E197+Cozywheels!E197+Dégage!E197+Flexigo!E197+Klimaan!E197+Moovee!E197+Poppy!E197+'Mobilize Share'!E197+Stapp.in!E197 -> 8 | AL27: =AJ27/G27*1000 -> 0.30367446 | AM27: =AK27/G27*1000 -> 0.24293957 | AN27: =AJ27-AB27 -> 2 | AO27: =AN27/AB27 -> 0.25 | AP27: =BattMobility!F197+cambio!F197+Claus2you!F197+CoopStroom!F197+Cozywheels!F197+Dégage!F197+Flexigo!F197+Klimaan!F197+Moovee!F197+Poppy!F197+'Mobilize Share'!F197+Stapp.in!F197 -> 15 | AQ27: =BattMobility!G197+cambio!G197+Claus2you!G197+CoopStroom!G197+Cozywheels!G197+Dégage!G197+Flexigo!G197+Klimaan!G197+Moovee!G197+Poppy!G197+'Mobilize Share'!G197+Stapp.in!G197 -> 9 | AR27: =AP27/G27*1000 -> 0.45551169 | AS27: =AQ27/G27*1000 -> 0.27330701 | AT27: =AP27-AF27 -> 5 | AU27: 65.404 | AV27: 55.404
A28: Rotselaar | B28: Vlaams-Brabant | C28: 24094 | D28: 17294 | E28: 17499 | F28: 17672 | G28: 17689 | H28: 5 | I28: 0 | J28: 0.28911761 | K28: 5 | L28: 0 | M28: 0.28911761 | N28: 7 | O28: 0 | P28: 0.40002286 | Q28: 0 | R28: 2 | S28: 0.11090525 | T28: 2 | U28: 0.11090525 | V28: 0 | W28: 0 | X28: 7 | Y28: 0 | Z28: 0.40002286 | AA28: 0 | AB28: 10 | AC28: 0 | AD28: 0.56586691 | AE28: 0 | AF28: 12 | AG28: 1 | AH28: 0.67904029 | AI28: 0.056586691 | AJ28: =BattMobility!D217+cambio!D217+Claus2you!D217+CoopStroom!D217+Cozywheels!D217+Dégage!D217+Flexigo!D217+Klimaan!D217+Moovee!D217+Poppy!D217+'Mobilize Share'!D217+Stapp.in!D217 -> 12 | AK28: =BattMobility!E217+cambio!E217+Claus2you!E217+CoopStroom!E217+Cozywheels!E217+Dégage!E217+Flexigo!E217+Klimaan!E217+Moovee!E217+Poppy!E217+'Mobilize Share'!E217+Stapp.in!E217 -> 1 | AL28: =AJ28/G28*1000 -> 0.6783877 | AM28: =AK28/G28*1000 -> 0.056532308 | AN28: =AJ28-AB28 -> 2 | AO28: =AN28/AB28 -> 0.2 | AP28: =BattMobility!F217+cambio!F217+Claus2you!F217+CoopStroom!F217+Cozywheels!F217+Dégage!F217+Flexigo!F217+Klimaan!F217+Moovee!F217+Poppy!F217+'Mobilize Share'!F217+Stapp.in!F217 -> 14 | AQ28: =BattMobility!G217+cambio!G217+Claus2you!G217+CoopStroom!G217+Cozywheels!G217+Dégage!G217+Flexigo!G217+Klimaan!G217+Moovee!G217+Poppy!G217+'Mobilize Share'!G217+Stapp.in!G217 -> 4 | AR28: =AP28/G28*1000 -> 0.79145231 | AS28: =AQ28/G28*1000 -> 0.22612923 | AT28: =AP28-AF28 -> 2 | AU28: 35.344 | AV28: 23.344
A29: Oostkamp | B29: West-Vlaanderen | C29: 31022 | D29: 23998 | E29: 24200 | F29: 24275 | G29: 24142 | H29: 4 | I29: 3 | J29: 0.16668056 | K29: 5 | L29: 3 | M29: 0.2083507 | N29: 7 | O29: 4 | P29: 0.2892562 | Q29: 0.16528926 | R29: 3 | S29: 0.12257564 | T29: 2 | U29: 0.080905502 | V29: 4 | W29: 0.16528926 | X29: 8 | Y29: 3 | Z29: 0.33057851 | AA29: 0.12396694 | AB29: 8 | AC29: 3 | AD29: 0.32955716 | AE29: 0.12358393 | AF29: 11 | AG29: 4 | AH29: 0.45314109 | AI29: 0.16477858 | AJ29: =BattMobility!D192+cambio!D192+Claus2you!D192+CoopStroom!D192+Cozywheels!D192+Dégage!D192+Flexigo!D192+Klimaan!D192+Moovee!D192+Poppy!D192+'Mobilize Share'!D192+Stapp.in!D192 -> 11 | AK29: =BattMobility!E192+cambio!E192+Claus2you!E192+CoopStroom!E192+Cozywheels!E192+Dégage!E192+Flexigo!E192+Klimaan!E192+Moovee!E192+Poppy!E192+'Mobilize Share'!E192+Stapp.in!E192 -> 4 | AL29: =AJ29/G29*1000 -> 0.45563748 | AM29: =AK29/G29*1000 -> 0.16568636 | AN29: =AJ29-AB29 -> 3 | AO29: =AN29/AB29 -> 0.375 | AP29: =BattMobility!F192+cambio!F192+Claus2you!F192+CoopStroom!F192+Cozywheels!F192+Dégage!F192+Flexigo!F192+Klimaan!F192+Moovee!F192+Poppy!F192+'Mobilize Share'!F192+Stapp.in!F192 -> 14 | AQ29: =BattMobility!G192+cambio!G192+Claus2you!G192+CoopStroom!G192+Cozywheels!G192+Dégage!G192+Flexigo!G192+Klimaan!G192+Moovee!G192+Poppy!G192+'Mobilize Share'!G192+Stapp.in!G192 -> 7 | AR29: =AP29/G29*1000 -> 0.57990225 | AS29: =AQ29/G29*1000 -> 0.28995112 | AT29: =AP29-AF29 -> 3 | AU29: 48.55 | AV29: 37.55
A30: Dendermonde | B30: Oost-Vlaanderen | C30: 42006 | D30: 46325 | E30: 46916 | F30: 47185 | G30: 47539 | H30: 5 | I30: 0 | J30: 0.10793308 | K30: 6 | L30: 0 | M30: 0.1295197 | N30: 7 | O30: 3 | P30: 0.14920283 | Q30: 0.06394407 | R30: 2 | S30: 0.041269749 | T30: 1 | U30: 0.019683133 | V30: 1 | W30: 0.02131469 | X30: 6 | Y30: 3 | Z30: 0.12788814 | AA30: 0.06394407 | AB30: 8 | AC30: 5 | AD30: 0.16954541 | AE30: 0.10596588 | AF30: 10 | AG30: 5 | AH30: 0.21193176 | AI30: 0.10596588 | AJ30: =BattMobility!D53+cambio!D53+Claus2you!D53+CoopStroom!D53+Cozywheels!D53+Dégage!D53+Flexigo!D53+Klimaan!D53+Moovee!D53+Poppy!D53+'Mobilize Share'!D53+Stapp.in!D53 -> 13 | AK30: =BattMobility!E53+cambio!E53+Claus2you!E53+CoopStroom!E53+Cozywheels!E53+Dégage!E53+Flexigo!E53+Klimaan!E53+Moovee!E53+Poppy!E53+'Mobilize Share'!E53+Stapp.in!E53 -> 5 | AL30: =AJ30/G30*1000 -> 0.27345969 | AM30: =AK30/G30*1000 -> 0.1051768 | AN30: =AJ30-AB30 -> 5 | AO30: =AN30/AB30 -> 0.625 | AP30: =BattMobility!F53+cambio!F53+Claus2you!F53+CoopStroom!F53+Cozywheels!F53+Dégage!F53+Flexigo!F53+Klimaan!F53+Moovee!F53+Poppy!F53+'Mobilize Share'!F53+Stapp.in!F53 -> 13 | AQ30: =BattMobility!G53+cambio!G53+Claus2you!G53+CoopStroom!G53+Cozywheels!G53+Dégage!G53+Flexigo!G53+Klimaan!G53+Moovee!G53+Poppy!G53+'Mobilize Share'!G53+Stapp.in!G53 -> 5 | AR30: =AP30/G30*1000 -> 0.27345969 | AS30: =AQ30/G30*1000 -> 0.1051768 | AT30: =AP30-AF30 -> 3 | AU30: 94.37 | AV30: 84.37
A31: Landen | B31: Vlaams-Brabant | C31: 24059 | D31: 16149 | E31: 16284 | F31: 16390 | G31: 16375 | H31: 2 | I31: 0 | J31: 0.12384668 | K31: 5 | L31: 0 | M31: 0.30961669 | N31: 5 | O31: 0 | P31: 0.30704986 | Q31: 0 | R31: 3 | S31: 0.18320319 | T31: 0 | U31: -0.0025668296 | V31: 3 | W31: 0.18422992 | X31: 10 | Y31: 4 | Z31: 0.61409973 | AA31: 0.24563989 | AB31: 9 | AC31: 4 | AD31: 0.54911531 | AE31: 0.24405125 | AF31: 12 | AG31: 8 | AH31: 0.73215375 | AI31: 0.4881025 | AJ31: =BattMobility!D140+cambio!D140+Claus2you!D140+CoopStroom!D140+Cozywheels!D140+Dégage!D140+Flexigo!D140+Klimaan!D140+Moovee!D140+Poppy!D140+'Mobilize Share'!D140+Stapp.in!D140 -> 12 | AK31: =BattMobility!E140+cambio!E140+Claus2you!E140+CoopStroom!E140+Cozywheels!E140+Dégage!E140+Flexigo!E140+Klimaan!E140+Moovee!E140+Poppy!E140+'Mobilize Share'!E140+Stapp.in!E140 -> 8 | AL31: =AJ31/G31*1000 -> 0.73282443 | AM31: =AK31/G31*1000 -> 0.48854962 | AN31: =AJ31-AB31 -> 3 | AO31: =AN31/AB31 -> 0.33333333 | AP31: =BattMobility!F140+cambio!F140+Claus2you!F140+CoopStroom!F140+Cozywheels!F140+Dégage!F140+Flexigo!F140+Klimaan!F140+Moovee!F140+Poppy!F140+'Mobilize Share'!F140+Stapp.in!F140 -> 12 | AQ31: =BattMobility!G140+cambio!G140+Claus2you!G140+CoopStroom!G140+Cozywheels!G140+Dégage!G140+Flexigo!G140+Klimaan!G140+Moovee!G140+Poppy!G140+'Mobilize Share'!G140+Stapp.in!G140 -> 8 | AR31: =AP31/G31*1000 -> 0.73282443 | AS31: =AQ31/G31*1000 -> 0.48854962 | AT31: =AP31-AF31 -> 0 | AU31: 32.78 | AV31: 20.78
A32: Lievegem | B32: Oost-Vlaanderen | C32: 44085 | D32: 26657 | E32: 26979 | F32: 27225 | G32: 27350 | H32: 9 | I32: 0 | J32: 0.33762239 | K32: 10 | L32: 1 | M32: 0.37513599 | N32: 10 | O32: 4 | P32: 0.37065866 | Q32: 0.14826346 | R32: 1 | S32: 0.033036272 | T32: 0 | U32: -0.0044773264 | V32: 9 | W32: 0.33359279 | X32: 8 | Y32: 4 | Z32: 0.29652693 | AA32: 0.14826346 | AB32: 8 | AC32: 4 | AD32: 0.29384757 | AE32: 0.14692378 | AF32: 11 | AG32: 6 | AH32: 0.4040404 | AI32: 0.22038567 | AJ32: =BattMobility!D153+cambio!D153+Claus2you!D153+CoopStroom!D153+Cozywheels!D153+Dégage!D153+Flexigo!D153+Klimaan!D153+Moovee!D153+Poppy!D153+'Mobilize Share'!D153+Stapp.in!D153 -> 13 | AK32: =BattMobility!E153+cambio!E153+Claus2you!E153+CoopStroom!E153+Cozywheels!E153+Dégage!E153+Flexigo!E153+Klimaan!E153+Moovee!E153+Poppy!E153+'Mobilize Share'!E153+Stapp.in!E153 -> 6 | AL32: =AJ32/G32*1000 -> 0.47531993 | AM32: =AK32/G32*1000 -> 0.21937843 | AN32: =AJ32-AB32 -> 5 | AO32: =AN32/AB32 -> 0.625 | AP32: =BattMobility!F153+cambio!F153+Claus2you!F153+CoopStroom!F153+Cozywheels!F153+Dégage!F153+Flexigo!F153+Klimaan!F153+Moovee!F153+Poppy!F153+'Mobilize Share'!F153+Stapp.in!F153 -> 12 | AQ32: =BattMobility!G153+cambio!G153+Claus2you!G153+CoopStroom!G153+Cozywheels!G153+Dégage!G153+Flexigo!G153+Klimaan!G153+Moovee!G153+Poppy!G153+'Mobilize Share'!G153+Stapp.in!G153 -> 6 | AR32: =AP32/G32*1000 -> 0.43875686 | AS32: =AQ32/G32*1000 -> 0.21937843 | AT32: =AP32-AF32 -> 1 | AU32: 54.45 | AV32: 43.45
A33: Herentals | B33: Antwerpen | C33: 13011 | D33: 28455 | E33: 28575 | F33: 28865 | G33: 29001 | H33: 4 | I33: 0 | J33: 0.14057283 | K33: 2 | L33: 0 | M33: 0.070286417 | N33: 7 | O33: 4 | P33: 0.24496938 | Q33: 0.1399825 | R33: 3 | S33: 0.10439654 | T33: 5 | U33: 0.17468296 | V33: 3 | W33: 0.10498688 | X33: 7 | Y33: 4 | Z33: 0.24496938 | AA33: 0.1399825 | AB33: 6 | AC33: 4 | AD33: 0.2078642 | AE33: 0.13857613 | AF33: 8 | AG33: 5 | AH33: 0.27715226 | AI33: 0.17322016 | AJ33: =BattMobility!D93+cambio!D93+Claus2you!D93+CoopStroom!D93+Cozywheels!D93+Dégage!D93+Flexigo!D93+Klimaan!D93+Moovee!D93+Poppy!D93+'Mobilize Share'!D93+Stapp.in!D93 -> 10 | AK33: =BattMobility!E93+cambio!E93+Claus2you!E93+CoopStroom!E93+Cozywheels!E93+Dégage!E93+Flexigo!E93+Klimaan!E93+Moovee!E93+Poppy!E93+'Mobilize Share'!E93+Stapp.in!E93 -> 6 | AL33: =AJ33/G33*1000 -> 0.3448157 | AM33: =AK33/G33*1000 -> 0.20688942 | AN33: =AJ33-AB33 -> 4 | AO33: =AN33/AB33 -> 0.66666667 | AP33: =BattMobility!F93+cambio!F93+Claus2you!F93+CoopStroom!F93+Cozywheels!F93+Dégage!F93+Flexigo!F93+Klimaan!F93+Moovee!F93+Poppy!F93+'Mobilize Share'!F93+Stapp.in!F93 -> 12 | AQ33: =BattMobility!G93+cambio!G93+Claus2you!G93+CoopStroom!G93+Cozywheels!G93+Dégage!G93+Flexigo!G93+Klimaan!G93+Moovee!G93+Poppy!G93+'Mobilize Share'!G93+Stapp.in!G93 -> 7 | AR33: =AP33/G33*1000 -> 0.41377884 | AS33: =AQ33/G33*1000 -> 0.24137099 | AT33: =AP33-AF33 -> 4 | AU33: 57.73 | AV33: 49.73
A34: Aarschot | B34: Vlaams-Brabant | C34: 24001 | D34: 30594 | E34: 30854 | F34: 31138 | G34: 31514 | H34: 3 | I34: 0 | J34: 0.098058443 | K34: 8 | L34: 0 | M34: 0.26148918 | N34: 6 | O34: 6 | P34: 0.19446425 | Q34: 0.19446425 | R34: 3 | S34: 0.096405808 | T34: -2 | U34: -0.06702493 | V34: 0 | W34: 0 | X34: 8 | Y34: 7 | Z34: 0.25928567 | AA34: 0.22687496 | AB34: 7 | AC34: 6 | AD34: 0.2248057 | AE34: 0.1926906 | AF34: 10 | AG34: 8 | AH34: 0.32115101 | AI34: 0.2569208 | AJ34: =BattMobility!D4+cambio!D4+Claus2you!D4+CoopStroom!D4+Cozywheels!D4+Dégage!D4+Flexigo!D4+Klimaan!D4+Moovee!D4+Poppy!D4+'Mobilize Share'!D4+Stapp.in!D4 -> 11 | AK34: =BattMobility!E4+cambio!E4+Claus2you!E4+CoopStroom!E4+Cozywheels!E4+Dégage!E4+Flexigo!E4+Klimaan!E4+Moovee!E4+Poppy!E4+'Mobilize Share'!E4+Stapp.in!E4 -> 8 | AL34: =AJ34/G34*1000 -> 0.34905122 | AM34: =AK34/G34*1000 -> 0.25385543 | AN34: =AJ34-AB34 -> 4 | AO34: =AN34/AB34 -> 0.57142857 | AP34: =BattMobility!F4+cambio!F4+Claus2you!F4+CoopStroom!F4+Cozywheels!F4+Dégage!F4+Flexigo!F4+Klimaan!F4+Moovee!F4+Poppy!F4+'Mobilize Share'!F4+Stapp.in!F4 -> 12 | AQ34: =BattMobility!G4+cambio!G4+Claus2you!G4+CoopStroom!G4+Cozywheels!G4+Dégage!G4+Flexigo!G4+Klimaan!G4+Moovee!G4+Poppy!G4+'Mobilize Share'!G4+Stapp.in!G4 -> 9 | AR34: =AP34/G34*1000 -> 0.38078314 | AS34: =AQ34/G34*1000 -> 0.28558736 | AT34: =AP34-AF34 -> 2 | AU34: 62.276 | AV34: 52.276
A35: Dilbeek | B35: Vlaams-Brabant | C35: 23016 | D35: 44095 | E35: 44650 | F35: 44878 | G35: 45069 | H35: 1 | I35: 0 | J35: 0.022678308 | K35: 0 | L35: 0 | M35: 0 | N35: 1 | O35: 1 | P35: 0.022396417 | Q35: 0.022396417 | R35: 0 | S35: -0.00028189162 | T35: 1 | U35: 0.022396417 | V35: 1 | W35: 0.022396417 | X35: 4 | Y35: 4 | Z35: 0.089585666 | AA35: 0.089585666 | AB35: 6 | AC35: 6 | AD35: 0.1336958 | AE35: 0.1336958 | AF35: 9 | AG35: 8 | AH35: 0.2005437 | AI35: 0.17826106 | AJ35: =BattMobility!D60+cambio!D60+Claus2you!D60+CoopStroom!D60+Cozywheels!D60+Dégage!D60+Flexigo!D60+Klimaan!D60+Moovee!D60+Poppy!D60+'Mobilize Share'!D60+Stapp.in!D60 -> 13 | AK35: =BattMobility!E60+cambio!E60+Claus2you!E60+CoopStroom!E60+Cozywheels!E60+Dégage!E60+Flexigo!E60+Klimaan!E60+Moovee!E60+Poppy!E60+'Mobilize Share'!E60+Stapp.in!E60 -> 12 | AL35: =AJ35/G35*1000 -> 0.2884466 | AM35: =AK35/G35*1000 -> 0.2662584 | AN35: =AJ35-AB35 -> 7 | AO35: =AN35/AB35 -> 1.1666667 | AP35: =BattMobility!F60+cambio!F60+Claus2you!F60+CoopStroom!F60+Cozywheels!F60+Dégage!F60+Flexigo!F60+Klimaan!F60+Moovee!F60+Poppy!F60+'Mobilize Share'!F60+Stapp.in!F60 -> 12 | AQ35: =BattMobility!G60+cambio!G60+Claus2you!G60+CoopStroom!G60+Cozywheels!G60+Dégage!G60+Flexigo!G60+Klimaan!G60+Moovee!G60+Poppy!G60+'Mobilize Share'!G60+Stapp.in!G60 -> 12 | AR35: =AP35/G35*1000 -> 0.2662584 | AS35: =AQ35/G35*1000 -> 0.2662584 | AT35: =AP35-AF35 -> 3 | AU35: 89.756 | AV35: 80.756
A36: Holsbeek | B36: Vlaams-Brabant | C36: 24043 | D36: 10110 | E36: 10158 | F36: 10207 | G36: 10234 | H36: 3 | I36: 0 | J36: 0.29673591 | K36: 3 | L36: 0 | M36: 0.29673591 | N36: 2 | O36: 1 | P36: 0.19688915 | Q36: 0.098444576 | R36: -1 | S36: -0.099846754 | T36: -1 | U36: -0.099846754 | V36: 2 | W36: 0.19688915 | X36: 2 | Y36: 1 | Z36: 0.19688915 | AA36: 0.098444576 | AB36: 5 | AC36: 1 | AD36: 0.4898599 | AE36: 0.09797198 | AF36: 11 | AG36: 5 | AH36: 1.0776918 | AI36: 0.4898599 | AJ36: =BattMobility!D103+cambio!D103+Claus2you!D103+CoopStroom!D103+Cozywheels!D103+Dégage!D103+Flexigo!D103+Klimaan!D103+Moovee!D103+Poppy!D103+'Mobilize Share'!D103+Stapp.in!D103 -> 11 | AK36: =BattMobility!E103+cambio!E103+Claus2you!E103+CoopStroom!E103+Cozywheels!E103+Dégage!E103+Flexigo!E103+Klimaan!E103+Moovee!E103+Poppy!E103+'Mobilize Share'!E103+Stapp.in!E103 -> 5 | AL36: =AJ36/G36*1000 -> 1.0748485 | AM36: =AK36/G36*1000 -> 0.48856752 | AN36: =AJ36-AB36 -> 6 | AO36: =AN36/AB36 -> 1.2 | AP36: =BattMobility!F103+cambio!F103+Claus2you!F103+CoopStroom!F103+Cozywheels!F103+Dégage!F103+Flexigo!F103+Klimaan!F103+Moovee!F103+Poppy!F103+'Mobilize Share'!F103+Stapp.in!F103 -> 11 | AQ36: =BattMobility!G103+cambio!G103+Claus2you!G103+CoopStroom!G103+Cozywheels!G103+Dégage!G103+Flexigo!G103+Klimaan!G103+Moovee!G103+Poppy!G103+'Mobilize Share'!G103+Stapp.in!G103 -> 5 | AR36: =AP36/G36*1000 -> 1.0748485 | AS36: =AQ36/G36*1000 -> 0.48856752 | AT36: =AP36-AF36 -> 0 | AU36: 20.414 | AV36: 9.414
A37: Tervuren | B37: Vlaams-Brabant | C37: 24104 | D37: 22852 | E37: 23101 | F37: 23077 | G37: 23246 | H37: 3 | I37: 0 | J37: 0.13127954 | K37: 5 | L37: 0 | M37: 0.21879923 | N37: 6 | O37: 2 | P37: 0.25972902 | Q37: 0.086576339 | R37: 3 | S37: 0.12844948 | T37: 1 | U37: 0.040929786 | V37: 1 | W37: 0.043288169 | X37: 8 | Y37: 3 | Z37: 0.34630535 | AA37: 0.12986451 | AB37: 7 | AC37: 2 | AD37: 0.30333232 | AE37: 0.086666378 | AF37: 9 | AG37: 3 | AH37: 0.3899987 | AI37: 0.12999957 | AJ37: =BattMobility!D239+cambio!D239+Claus2you!D239+CoopStroom!D239+Cozywheels!D239+Dégage!D239+Flexigo!D239+Klimaan!D239+Moovee!D239+Poppy!D239+'Mobilize Share'!D239+Stapp.in!D239 -> 9 | AK37: =BattMobility!E239+cambio!E239+Claus2you!E239+CoopStroom!E239+Cozywheels!E239+Dégage!E239+Flexigo!E239+Klimaan!E239+Moovee!E239+Poppy!E239+'Mobilize Share'!E239+Stapp.in!E239 -> 3 | AL37: =AJ37/G37*1000 -> 0.38716338 | AM37: =AK37/G37*1000 -> 0.12905446 | AN37: =AJ37-AB37 -> 2 | AO37: =AN37/AB37 -> 0.28571429 | AP37: =BattMobility!F239+cambio!F239+Claus2you!F239+CoopStroom!F239+Cozywheels!F239+Dégage!F239+Flexigo!F239+Klimaan!F239+Moovee!F239+Poppy!F239+'Mobilize Share'!F239+Stapp.in!F239 -> 11 | AQ37: =BattMobility!G239+cambio!G239+Claus2you!G239+CoopStroom!G239+Cozywheels!G239+Dégage!G239+Flexigo!G239+Klimaan!G239+Moovee!G239+Poppy!G239+'Mobilize Share'!G239+Stapp.in!G239 -> 5 | AR37: =AP37/G37*1000 -> 0.47319969 | AS37: =AQ37/G37*1000 -> 0.21509077 | AT37: =AP37-AF37 -> 2 | AU37: 46.154 | AV37: 37.154
A38: Diest | B38: Vlaams-Brabant | C38: 24020 | D38: 24516 | E38: 24677 | F38: 24971 | G38: 25141 | H38: 5 | I38: 0 | J38: 0.20394844 | K38: 5 | L38: 0 | M38: 0.20394844 | N38: 4 | O38: 0 | P38: 0.16209426 | Q38: 0 | R38: -1 | S38: -0.041854184 | T38: -1 | U38: -0.041854184 | V38: 0 | W38: 0 | X38: 6 | Y38: 0 | Z38: 0.24314139 | AA38: 0 | AB38: 8 | AC38: 0 | AD38: 0.32037163 | AE38: 0 | AF38: 10 | AG38: 2 | AH38: 0.40046454 | AI38: 0.080092908 | AJ38: =BattMobility!D58+cambio!D58+Claus2you!D58+CoopStroom!D58+Cozywheels!D58+Dégage!D58+Flexigo!D58+Klimaan!D58+Moovee!D58+Poppy!D58+'Mobilize Share'!D58+Stapp.in!D58 -> 12 | AK38: =BattMobility!E58+cambio!E58+Claus2you!E58+CoopStroom!E58+Cozywheels!E58+Dégage!E58+Flexigo!E58+Klimaan!E58+Moovee!E58+Poppy!E58+'Mobilize Share'!E58+Stapp.in!E58 -> 4 | AL38: =AJ38/G38*1000 -> 0.47730798 | AM38: =AK38/G38*1000 -> 0.15910266 | AN38: =AJ38-AB38 -> 4 | AO38: =AN38/AB38 -> 0.5 | AP38: =BattMobility!F58+cambio!F58+Claus2you!F58+CoopStroom!F58+Cozywheels!F58+Dégage!F58+Flexigo!F58+Klimaan!F58+Moovee!F58+Poppy!F58+'Mobilize Share'!F58+Stapp.in!F58 -> 11 | AQ38: =BattMobility!G58+cambio!G58+Claus2you!G58+CoopStroom!G58+Cozywheels!G58+Dégage!G58+Flexigo!G58+Klimaan!G58+Moovee!G58+Poppy!G58+'Mobilize Share'!G58+Stapp.in!G58 -> 2 | AR38: =AP38/G38*1000 -> 0.43753232 | AS38: =AQ38/G38*1000 -> 0.07955133 | AT38: =AP38-AF38 -> 1 | AU38: 49.942 | AV38: 39.942
A39: Wetteren | B39: Oost-Vlaanderen | C39: 42025 | D39: 26444 | E39: 26748 | F39: 26960 | G39: 26926 | H39: 7 | I39: 1 | J39: 0.26471033 | K39: 7 | L39: 1 | M39: 0.26471033 | N39: 8 | O39: 2 | P39: 0.29908778 | Q39: 0.074771946 | R39: 1 | S39: 0.034377451 | T39: 1 | U39: 0.034377451 | V39: 4 | W39: 0.14954389 | X39: 7 | Y39: 1 | Z39: 0.26170181 | AA39: 0.037385973 | AB39: 6 | AC39: 1 | AD39: 0.22255193 | AE39: 0.037091988 | AF39: 11 | AG39: 4 | AH39: 0.40801187 | AI39: 0.14836795 | AJ39: =BattMobility!D260+cambio!D260+Claus2you!D260+CoopStroom!D260+Cozywheels!D260+Dégage!D260+Flexigo!D260+Klimaan!D260+Moovee!D260+Poppy!D260+'Mobilize Share'!D260+Stapp.in!D260 -> 10 | AK39: =BattMobility!E260+cambio!E260+Claus2you!E260+CoopStroom!E260+Cozywheels!E260+Dégage!E260+Flexigo!E260+Klimaan!E260+Moovee!E260+Poppy!E260+'Mobilize Share'!E260+Stapp.in!E260 -> 3 | AL39: =AJ39/G39*1000 -> 0.37138825 | AM39: =AK39/G39*1000 -> 0.11141647 | AN39: =AJ39-AB39 -> 4 | AO39: =AN39/AB39 -> 0.66666667 | AP39: =BattMobility!F260+cambio!F260+Claus2you!F260+CoopStroom!F260+Cozywheels!F260+Dégage!F260+Flexigo!F260+Klimaan!F260+Moovee!F260+Poppy!F260+'Mobilize Share'!F260+Stapp.in!F260 -> 11 | AQ39: =BattMobility!G260+cambio!G260+Claus2you!G260+CoopStroom!G260+Cozywheels!G260+Dégage!G260+Flexigo!G260+Klimaan!G260+Moovee!G260+Poppy!G260+'Mobilize Share'!G260+Stapp.in!G260 -> 3 | AR39: =AP39/G39*1000 -> 0.40852707 | AS39: =AQ39/G39*1000 -> 0.11141647 | AT39: =AP39-AF39 -> 0 | AU39: 53.92 | AV39: 42.92
A40: Evergem | B40: Oost-Vlaanderen | C40: 44019 | D40: 36087 | E40: 36557 | F40: 36860 | G40: 37254 | H40: 6 | I40: 0 | J40: 0.16626486 | K40: 3 | L40: 0 | M40: 0.08313243 | N40: 3 | O40: 2 | P40: 0.082063627 | Q40: 0.054709084 | R40: -3 | S40: -0.084201233 | T40: 0 | U40: -0.0010688033 | V40: 1 | W40: 0.027354542 | X40: 4 | Y40: 2 | Z40: 0.10941817 | AA40: 0.054709084 | AB40: 5 | AC40: 3 | AD40: 0.1356484 | AE40: 0.08138904 | AF40: 7 | AG40: 5 | AH40: 0.18990776 | AI40: 0.1356484 | AJ40: =BattMobility!D68+cambio!D68+Claus2you!D68+CoopStroom!D68+Cozywheels!D68+Dégage!D68+Flexigo!D68+Klimaan!D68+Moovee!D68+Poppy!D68+'Mobilize Share'!D68+Stapp.in!D68 -> 11 | AK40: =BattMobility!E68+cambio!E68+Claus2you!E68+CoopStroom!E68+Cozywheels!E68+Dégage!E68+Flexigo!E68+Klimaan!E68+Moovee!E68+Poppy!E68+'Mobilize Share'!E68+Stapp.in!E68 -> 9 | AL40: =AJ40/G40*1000 -> 0.29527031 | AM40: =AK40/G40*1000 -> 0.2415848 | AN40: =AJ40-AB40 -> 6 | AO40: =AN40/AB40 -> 1.2 | AP40: =BattMobility!F68+cambio!F68+Claus2you!F68+CoopStroom!F68+Cozywheels!F68+Dégage!F68+Flexigo!F68+Klimaan!F68+Moovee!F68+Poppy!F68+'Mobilize Share'!F68+Stapp.in!F68 -> 11 | AQ40: =BattMobility!G68+cambio!G68+Claus2you!G68+CoopStroom!G68+Cozywheels!G68+Dégage!G68+Flexigo!G68+Klimaan!G68+Moovee!G68+Poppy!G68+'Mobilize Share'!G68+Stapp.in!G68 -> 9 | AR40: =AP40/G40*1000 -> 0.29527031 | AS40: =AQ40/G40*1000 -> 0.2415848 | AT40: =AP40-AF40 -> 4 | AU40: 73.72 | AV40: 66.72
A41: Geel | B41: Antwerpen | C41: 13008 | D41: 41146 | E41: 41828 | F41: 42331 | G41: 42427 | H41: 2 | I41: 0 | J41: 0.048607398 | K41: 4 | L41: 0 | M41: 0.097214796 | N41: 7 | O41: 3 | P41: 0.16735201 | Q41: 0.071722291 | R41: 5 | S41: 0.11874461 | T41: 3 | U41: 0.070137217 | V41: 1 | W41: 0.02390743 | X41: 8 | Y41: 3 | Z41: 0.19125944 | AA41: 0.071722291 | AB41: 9 | AC41: 3 | AD41: 0.21261014 | AE41: 0.070870048 | AF41: 9 | AG41: 4 | AH41: 0.21261014 | AI41: 0.094493397 | AJ41: =BattMobility!D70+cambio!D70+Claus2you!D70+CoopStroom!D70+Cozywheels!D70+Dégage!D70+Flexigo!D70+Klimaan!D70+Moovee!D70+Poppy!D70+'Mobilize Share'!D70+Stapp.in!D70 -> 11 | AK41: =BattMobility!E70+cambio!E70+Claus2you!E70+CoopStroom!E70+Cozywheels!E70+Dégage!E70+Flexigo!E70+Klimaan!E70+Moovee!E70+Poppy!E70+'Mobilize Share'!E70+Stapp.in!E70 -> 5 | AL41: =AJ41/G41*1000 -> 0.25926886 | AM41: =AK41/G41*1000 -> 0.11784948 | AN41: =AJ41-AB41 -> 2 | AO41: =AN41/AB41 -> 0.22222222 | AP41: =BattMobility!F70+cambio!F70+Claus2you!F70+CoopStroom!F70+Cozywheels!F70+Dégage!F70+Flexigo!F70+Klimaan!F70+Moovee!F70+Poppy!F70+'Mobilize Share'!F70+Stapp.in!F70 -> 11 | AQ41: =BattMobility!G70+cambio!G70+Claus2you!G70+CoopStroom!G70+Cozywheels!G70+Dégage!G70+Flexigo!G70+Klimaan!G70+Moovee!G70+Poppy!G70+'Mobilize Share'!G70+Stapp.in!G70 -> 5 | AR41: =AP41/G41*1000 -> 0.25926886 | AS41: =AQ41/G41*1000 -> 0.11784948 | AT41: =AP41-AF41 -> 2 | AU41: 84.662 | AV41: 75.662
A42: Haacht | B42: Vlaams-Brabant | C42: 24033 | D42: 15264 | E42: 15425 | F42: 15516 | G42: 15671 | H42: 5 | I42: 0 | J42: 0.32756813 | K42: 4 | L42: 0 | M42: 0.26205451 | N42: 4 | O42: 1 | P42: 0.25931929 | Q42: 0.064829822 | R42: -1 | S42: -0.068248847 | T42: 0 | U42: -0.0027352205 | V42: 2 | W42: 0.12965964 | X42: 4 | Y42: 2 | Z42: 0.25931929 | AA42: 0.12965964 | AB42: 6 | AC42: 4 | AD42: 0.3866976 | AE42: 0.2577984 | AF42: 11 | AG42: 5 | AH42: 0.7089456 | AI42: 0.322248 | AJ42: =BattMobility!D80+cambio!D80+Claus2you!D80+CoopStroom!D80+Cozywheels!D80+Dégage!D80+Flexigo!D80+Klimaan!D80+Moovee!D80+Poppy!D80+'Mobilize Share'!D80+Stapp.in!D80 -> 10 | AK42: =BattMobility!E80+cambio!E80+Claus2you!E80+CoopStroom!E80+Cozywheels!E80+Dégage!E80+Flexigo!E80+Klimaan!E80+Moovee!E80+Poppy!E80+'Mobilize Share'!E80+Stapp.in!E80 -> 5 | AL42: =AJ42/G42*1000 -> 0.63812137 | AM42: =AK42/G42*1000 -> 0.31906069 | AN42: =AJ42-AB42 -> 4 | AO42: =AN42/AB42 -> 0.66666667 | AP42: =BattMobility!F80+cambio!F80+Claus2you!F80+CoopStroom!F80+Cozywheels!F80+Dégage!F80+Flexigo!F80+Klimaan!F80+Moovee!F80+Poppy!F80+'Mobilize Share'!F80+Stapp.in!F80 -> 10 | AQ42: =BattMobility!G80+cambio!G80+Claus2you!G80+CoopStroom!G80+Cozywheels!G80+Dégage!G80+Flexigo!G80+Klimaan!G80+Moovee!G80+Poppy!G80+'Mobilize Share'!G80+Stapp.in!G80 -> 5 | AR42: =AP42/G42*1000 -> 0.63812137 | AS42: =AQ42/G42*1000 -> 0.31906069 | AT42: =AP42-AF42 -> -1 | AU42: 31.032 | AV42: 20.032
A43: Torhout | B43: West-Vlaanderen | C43: 31033 | D43: 20517 | E43: 20782 | F43: 20965 | G43: 21159 | H43: 5 | I43: 3 | J43: 0.24370035 | K43: 5 | L43: 3 | M43: 0.24370035 | N43: 5 | O43: 3 | P43: 0.24059282 | Q43: 0.14435569 | R43: 0 | S43: -0.0031075253 | T43: 0 | U43: -0.0031075253 | V43: 0 | W43: 0 | X43: 6 | Y43: 3 | Z43: 0.28871138 | AA43: 0.14435569 | AB43: 7 | AC43: 3 | AD43: 0.33388982 | AE43: 0.14309564 | AF43: 8 | AG43: 4 | AH43: 0.38158836 | AI43: 0.19079418 | AJ43: =BattMobility!D245+cambio!D245+Claus2you!D245+CoopStroom!D245+Cozywheels!D245+Dégage!D245+Flexigo!D245+Klimaan!D245+Moovee!D245+Poppy!D245+'Mobilize Share'!D245+Stapp.in!D245 -> 8 | AK43: =BattMobility!E245+cambio!E245+Claus2you!E245+CoopStroom!E245+Cozywheels!E245+Dégage!E245+Flexigo!E245+Klimaan!E245+Moovee!E245+Poppy!E245+'Mobilize Share'!E245+Stapp.in!E245 -> 4 | AL43: =AJ43/G43*1000 -> 0.3780897 | AM43: =AK43/G43*1000 -> 0.18904485 | AN43: =AJ43-AB43 -> 1 | AO43: =AN43/AB43 -> 0.14285714 | AP43: =BattMobility!F245+cambio!F245+Claus2you!F245+CoopStroom!F245+Cozywheels!F245+Dégage!F245+Flexigo!F245+Klimaan!F245+Moovee!F245+Poppy!F245+'Mobilize Share'!F245+Stapp.in!F245 -> 10 | AQ43: =BattMobility!G245+cambio!G245+Claus2you!G245+CoopStroom!G245+Cozywheels!G245+Dégage!G245+Flexigo!G245+Klimaan!G245+Moovee!G245+Poppy!G245+'Mobilize Share'!G245+Stapp.in!G245 -> 4 | AR43: =AP43/G43*1000 -> 0.47261213 | AS43: =AQ43/G43*1000 -> 0.18904485 | AT43: =AP43-AF43 -> 2 | AU43: 41.93 | AV43: 33.93
A44: Puurs-Sint-Amands | B44: Antwerpen | C44: 12041 | D44: 26311 | E44: 26772 | F44: 26957 | G44: 27066 | H44: 3 | I44: 0 | J44: 0.11402075 | K44: 0 | L44: 0 | M44: 0 | N44: 6 | O44: 6 | P44: 0.22411475 | Q44: 0.22411475 | R44: 3 | S44: 0.11009399 | T44: 6 | U44: 0.22411475 | V44: 0 | W44: 0 | X44: 8 | Y44: 6 | Z44: 0.29881966 | AA44: 0.22411475 | AB44: 6 | AC44: 6 | AD44: 0.2225767 | AE44: 0.2225767 | AF44: 7 | AG44: 5 | AH44: 0.25967281 | AI44: 0.18548058 | AJ44: =BattMobility!D208+cambio!D208+Claus2you!D208+CoopStroom!D208+Cozywheels!D208+Dégage!D208+Flexigo!D208+Klimaan!D208+Moovee!D208+Poppy!D208+'Mobilize Share'!D208+Stapp.in!D208 -> 7 | AK44: =BattMobility!E208+cambio!E208+Claus2you!E208+CoopStroom!E208+Cozywheels!E208+Dégage!E208+Flexigo!E208+Klimaan!E208+Moovee!E208+Poppy!E208+'Mobilize Share'!E208+Stapp.in!E208 -> 5 | AL44: =AJ44/G44*1000 -> 0.25862706 | AM44: =AK44/G44*1000 -> 0.18473361 | AN44: =AJ44-AB44 -> 1 | AO44: =AN44/AB44 -> 0.16666667 | AP44: =BattMobility!F208+cambio!F208+Claus2you!F208+CoopStroom!F208+Cozywheels!F208+Dégage!F208+Flexigo!F208+Klimaan!F208+Moovee!F208+Poppy!F208+'Mobilize Share'!F208+Stapp.in!F208 -> 10 | AQ44: =BattMobility!G208+cambio!G208+Claus2you!G208+CoopStroom!G208+Cozywheels!G208+Dégage!G208+Flexigo!G208+Klimaan!G208+Moovee!G208+Poppy!G208+'Mobilize Share'!G208+Stapp.in!G208 -> 8 | AR44: =AP44/G44*1000 -> 0.36946723 | AS44: =AQ44/G44*1000 -> 0.29557378 | AT44: =AP44-AF44 -> 3 | AU44: 53.914 | AV44: 46.914
A45: Genk | B45: Limburg | C45: 71016 | D45: 67009 | E45: 67573 | F45: 67877 | G45: 68058 | H45: 5 | I45: 0 | J45: 0.074616843 | K45: 5 | L45: 0 | M45: 0.074616843 | N45: 9 | O45: 0 | P45: 0.13318929 | Q45: 0 | R45: 4 | S45: 0.058572449 | T45: 4 | U45: 0.058572449 | V45: 2 | W45: 0.02959762 | X45: 9 | Y45: 1 | Z45: 0.13318929 | AA45: 0.01479881 | AB45: 9 | AC45: 1 | AD45: 0.13259278 | AE45: 0.014732531 | AF45: 8 | AG45: 1 | AH45: 0.11786025 | AI45: 0.014732531 | AJ45: =BattMobility!D72+cambio!D72+Claus2you!D72+CoopStroom!D72+Cozywheels!D72+Dégage!D72+Flexigo!D72+Klimaan!D72+Moovee!D72+Poppy!D72+'Mobilize Share'!D72+Stapp.in!D72 -> 10 | AK45: =BattMobility!E72+cambio!E72+Claus2you!E72+CoopStroom!E72+Cozywheels!E72+Dégage!E72+Flexigo!E72+Klimaan!E72+Moovee!E72+Poppy!E72+'Mobilize Share'!E72+Stapp.in!E72 -> 2 | AL45: =AJ45/G45*1000 -> 0.1469335 | AM45: =AK45/G45*1000 -> 0.0293867 | AN45: =AJ45-AB45 -> 1 | AO45: =AN45/AB45 -> 0.11111111 | AP45: =BattMobility!F72+cambio!F72+Claus2you!F72+CoopStroom!F72+Cozywheels!F72+Dégage!F72+Flexigo!F72+Klimaan!F72+Moovee!F72+Poppy!F72+'Mobilize Share'!F72+Stapp.in!F72 -> 10 | AQ45: =BattMobility!G72+cambio!G72+Claus2you!G72+CoopStroom!G72+Cozywheels!G72+Dégage!G72+Flexigo!G72+Klimaan!G72+Moovee!G72+Poppy!G72+'Mobilize Share'!G72+Stapp.in!G72 -> 2 | AR45: =AP45/G45*1000 -> 0.1469335 | AS45: =AQ45/G45*1000 -> 0.0293867 | AT45: =AP45-AF45 -> 2 | AU45: 135.754 | AV45: 127.754
A46: Damme | B46: West-Vlaanderen | C46: 31006 | D46: 11044 | E46: 11146 | F46: 11207 | G46: 11278 | H46: 0 | I46: 0 | J46: 0 | K46: 0 | L46: 0 | M46: 0 | N46: 1 | O46: 1 | P46: 0.089718285 | Q46: 0.089718285 | R46: 1 | S46: 0.089718285 | T46: 1 | U46: 0.089718285 | V46: 0 | W46: 0 | X46: 1 | Y46: 1 | Z46: 0.089718285 | AA46: 0.089718285 | AB46: 8 | AC46: 8 | AD46: 0.71383956 | AE46: 0.71383956 | AF46: 7 | AG46: 7 | AH46: 0.62460962 | AI46: 0.62460962 | AJ46: =BattMobility!D47+cambio!D47+Claus2you!D47+CoopStroom!D47+Cozywheels!D47+Dégage!D47+Flexigo!D47+Klimaan!D47+Moovee!D47+Poppy!D47+'Mobilize Share'!D47+Stapp.in!D47 -> 7 | AK46: =BattMobility!E47+cambio!E47+Claus2you!E47+CoopStroom!E47+Cozywheels!E47+Dégage!E47+Flexigo!E47+Klimaan!E47+Moovee!E47+Poppy!E47+'Mobilize Share'!E47+Stapp.in!E47 -> 7 | AL46: =AJ46/G46*1000 -> 0.62067743 | AM46: =AK46/G46*1000 -> 0.62067743 | AN46: =AJ46-AB46 -> -1 | AO46: =AN46/AB46 -> -0.125 | AP46: =BattMobility!F47+cambio!F47+Claus2you!F47+CoopStroom!F47+Cozywheels!F47+Dégage!F47+Flexigo!F47+Klimaan!F47+Moovee!F47+Poppy!F47+'Mobilize Share'!F47+Stapp.in!F47 -> 9 | AQ46: =BattMobility!G47+cambio!G47+Claus2you!G47+CoopStroom!G47+Cozywheels!G47+Dégage!G47+Flexigo!G47+Klimaan!G47+Moovee!G47+Poppy!G47+'Mobilize Share'!G47+Stapp.in!G47 -> 9 | AR46: =AP46/G46*1000 -> 0.79801383 | AS46: =AQ46/G46*1000 -> 0.79801383 | AT46: =AP46-AF46 -> 2 | AU46: 22.414 | AV46: 15.414
A47: Bonheiden | B47: Antwerpen | C47: 12005 | D47: 15319 | E47: 15458 | F47: 15454 | G47: 15641 | H47: 4 | I47: 3 | J47: 0.26111365 | K47: 3 | L47: 3 | M47: 0.19583524 | N47: 6 | O47: 3 | P47: 0.38814853 | Q47: 0.19407427 | R47: 2 | S47: 0.12703488 | T47: 3 | U47: 0.19231329 | V47: 3 | W47: 0.19407427 | X47: 6 | Y47: 2 | Z47: 0.38814853 | AA47: 0.12938284 | AB47: 9 | AC47: 5 | AD47: 0.5823735 | AE47: 0.32354083 | AF47: 10 | AG47: 5 | AH47: 0.64708166 | AI47: 0.32354083 | AJ47: =BattMobility!D35+cambio!D35+Claus2you!D35+CoopStroom!D35+Cozywheels!D35+Dégage!D35+Flexigo!D35+Klimaan!D35+Moovee!D35+Poppy!D35+'Mobilize Share'!D35+Stapp.in!D35 -> 10 | AK47: =BattMobility!E35+cambio!E35+Claus2you!E35+CoopStroom!E35+Cozywheels!E35+Dégage!E35+Flexigo!E35+Klimaan!E35+Moovee!E35+Poppy!E35+'Mobilize Share'!E35+Stapp.in!E35 -> 5 | AL47: =AJ47/G47*1000 -> 0.63934531 | AM47: =AK47/G47*1000 -> 0.31967266 | AN47: =AJ47-AB47 -> 1 | AO47: =AN47/AB47 -> 0.11111111 | AP47: =BattMobility!F35+cambio!F35+Claus2you!F35+CoopStroom!F35+Cozywheels!F35+Dégage!F35+Flexigo!F35+Klimaan!F35+Moovee!F35+Poppy!F35+'Mobilize Share'!F35+Stapp.in!F35 -> 9 | AQ47: =BattMobility!G35+cambio!G35+Claus2you!G35+CoopStroom!G35+Cozywheels!G35+Dégage!G35+Flexigo!G35+Klimaan!G35+Moovee!G35+Poppy!G35+'Mobilize Share'!G35+Stapp.in!G35 -> 6 | AR47: =AP47/G47*1000 -> 0.57541078 | AS47: =AQ47/G47*1000 -> 0.38360719 | AT47: =AP47-AF47 -> -1 | AU47: 30.908 | AV47: 20.908
A48: Poperinge | B48: West-Vlaanderen | C48: 33021 | D48: 19782 | E48: 19947 | F48: 19921 | G48: 19962 | H48: 5 | I48: 3 | J48: 0.25275503 | K48: 5 | L48: 3 | M48: 0.25275503 | N48: 6 | O48: 4 | P48: 0.30079711 | Q48: 0.20053141 | R48: 1 | S48: 0.048042083 | T48: 1 | U48: 0.048042083 | V48: 2 | W48: 0.1002657 | X48: 6 | Y48: 4 | Z48: 0.30079711 | AA48: 0.20053141 | AB48: 7 | AC48: 4 | AD48: 0.35138798 | AE48: 0.20079313 | AF48: 8 | AG48: 5 | AH48: 0.40158627 | AI48: 0.25099142 | AJ48: =BattMobility!D206+cambio!D206+Claus2you!D206+CoopStroom!D206+Cozywheels!D206+Dégage!D206+Flexigo!D206+Klimaan!D206+Moovee!D206+Poppy!D206+'Mobilize Share'!D206+Stapp.in!D206 -> 8 | AK48: =BattMobility!E206+cambio!E206+Claus2you!E206+CoopStroom!E206+Cozywheels!E206+Dégage!E206+Flexigo!E206+Klimaan!E206+Moovee!E206+Poppy!E206+'Mobilize Share'!E206+Stapp.in!E206 -> 5 | AL48: =AJ48/G48*1000 -> 0.40076145 | AM48: =AK48/G48*1000 -> 0.2504759 | AN48: =AJ48-AB48 -> 1 | AO48: =AN48/AB48 -> 0.14285714 | AP48: =BattMobility!F206+cambio!F206+Claus2you!F206+CoopStroom!F206+Cozywheels!F206+Dégage!F206+Flexigo!F206+Klimaan!F206+Moovee!F206+Poppy!F206+'Mobilize Share'!F206+Stapp.in!F206 -> 9 | AQ48: =BattMobility!G206+cambio!G206+Claus2you!G206+CoopStroom!G206+Cozywheels!G206+Dégage!G206+Flexigo!G206+Klimaan!G206+Moovee!G206+Poppy!G206+'Mobilize Share'!G206+Stapp.in!G206 -> 6 | AR48: =AP48/G48*1000 -> 0.45085663 | AS48: =AQ48/G48*1000 -> 0.30057109 | AT48: =AP48-AF48 -> 1 | AU48: 39.842 | AV48: 31.842
A49: Blankenberge | B49: West-Vlaanderen | C49: 31004 | D49: 20408 | E49: 20511 | F49: 20559 | G49: 20654 | H49: 0 | I49: 0 | J49: 0 | K49: 0 | L49: 0 | M49: 0 | N49: 0 | O49: 0 | P49: 0 | Q49: 0 | R49: 0 | S49: 0 | T49: 0 | U49: 0 | V49: 0 | W49: 0 | X49: 4 | Y49: 0 | Z49: 0.19501731 | AA49: 0 | AB49: 7 | AC49: 3 | AD49: 0.34048349 | AE49: 0.14592149 | AF49: 7 | AG49: 5 | AH49: 0.34048349 | AI49: 0.24320249 | AJ49: =BattMobility!D32+cambio!D32+Claus2you!D32+CoopStroom!D32+Cozywheels!D32+Dégage!D32+Flexigo!D32+Klimaan!D32+Moovee!D32+Poppy!D32+'Mobilize Share'!D32+Stapp.in!D32 -> 7 | AK49: =BattMobility!E32+cambio!E32+Claus2you!E32+CoopStroom!E32+Cozywheels!E32+Dégage!E32+Flexigo!E32+Klimaan!E32+Moovee!E32+Poppy!E32+'Mobilize Share'!E32+Stapp.in!E32 -> 5 | AL49: =AJ49/G49*1000 -> 0.3389174 | AM49: =AK49/G49*1000 -> 0.24208386 | AN49: =AJ49-AB49 -> 0 | AO49: =AN49/AB49 -> 0 | AP49: =BattMobility!F32+cambio!F32+Claus2you!F32+CoopStroom!F32+Cozywheels!F32+Dégage!F32+Flexigo!F32+Klimaan!F32+Moovee!F32+Poppy!F32+'Mobilize Share'!F32+Stapp.in!F32 -> 9 | AQ49: =BattMobility!G32+cambio!G32+Claus2you!G32+CoopStroom!G32+Cozywheels!G32+Dégage!G32+Flexigo!G32+Klimaan!G32+Moovee!G32+Poppy!G32+'Mobilize Share'!G32+Stapp.in!G32 -> 7 | AR49: =AP49/G49*1000 -> 0.43575094 | AS49: =AQ49/G49*1000 -> 0.3389174 | AT49: =AP49-AF49 -> 2 | AU49: 41.118 | AV49: 34.118
A50: Koksijde | B50: West-Vlaanderen | C50: 38014 | D50: 21851 | E50: 21664 | F50: 21546 | G50: 21344 | H50: 0 | I50: 0 | J50: 0 | K50: 0 | L50: 0 | M50: 0 | N50: 7 | O50: 0 | P50: 0.32311669 | Q50: 0 | R50: 7 | S50: 0.32311669 | T50: 7 | U50: 0.32311669 | V50: 0 | W50: 0 | X50: 7 | Y50: 0 | Z50: 0.32311669 | AA50: 0 | AB50: 9 | AC50: 0 | AD50: 0.41771094 | AE50: 0 | AF50: 8 | AG50: 3 | AH50: 0.37129862 | AI50: 0.13923698 | AJ50: =BattMobility!D128+cambio!D128+Claus2you!D128+CoopStroom!D128+Cozywheels!D128+Dégage!D128+Flexigo!D128+Klimaan!D128+Moovee!D128+Poppy!D128+'Mobilize Share'!D128+Stapp.in!D128 -> 8 | AK50: =BattMobility!E128+cambio!E128+Claus2you!E128+CoopStroom!E128+Cozywheels!E128+Dégage!E128+Flexigo!E128+Klimaan!E128+Moovee!E128+Poppy!E128+'Mobilize Share'!E128+Stapp.in!E128 -> 3 | AL50: =AJ50/G50*1000 -> 0.37481259 | AM50: =AK50/G50*1000 -> 0.14055472 | AN50: =AJ50-AB50 -> -1 | AO50: =AN50/AB50 -> -0.11111111 | AP50: =BattMobility!F128+cambio!F128+Claus2you!F128+CoopStroom!F128+Cozywheels!F128+Dégage!F128+Flexigo!F128+Klimaan!F128+Moovee!F128+Poppy!F128+'Mobilize Share'!F128+Stapp.in!F128 -> 9 | AQ50: =BattMobility!G128+cambio!G128+Claus2you!G128+CoopStroom!G128+Cozywheels!G128+Dégage!G128+Flexigo!G128+Klimaan!G128+Moovee!G128+Poppy!G128+'Mobilize Share'!G128+Stapp.in!G128 -> 4 | AR50: =AP50/G50*1000 -> 0.42166417 | AS50: =AQ50/G50*1000 -> 0.1874063 | AT50: =AP50-AF50 -> 1 | AU50: 43.092 | AV50: 35.092
A51: Westerlo | B51: Antwerpen | C51: 13049 | D51: 25308 | E51: 25466 | F51: 25625 | G51: 25691 | H51: 0 | I51: 0 | J51: 0 | K51: 0 | L51: 0 | M51: 0 | N51: 2 | O51: 0 | P51: 0.078536087 | Q51: 0 | R51: 2 | S51: 0.078536087 | T51: 2 | U51: 0.078536087 | V51: 2 | W51: 0.078536087 | X51: 3 | Y51: 0 | Z51: 0.11780413 | AA51: 0 | AB51: 7 | AC51: 4 | AD51: 0.27317073 | AE51: 0.15609756 | AF51: 7 | AG51: 2 | AH51: 0.27317073 | AI51: 0.07804878 | AJ51: =BattMobility!D259+cambio!D259+Claus2you!D259+CoopStroom!D259+Cozywheels!D259+Dégage!D259+Flexigo!D259+Klimaan!D259+Moovee!D259+Poppy!D259+'Mobilize Share'!D259+Stapp.in!D259 -> 8 | AK51: =BattMobility!E259+cambio!E259+Claus2you!E259+CoopStroom!E259+Cozywheels!E259+Dégage!E259+Flexigo!E259+Klimaan!E259+Moovee!E259+Poppy!E259+'Mobilize Share'!E259+Stapp.in!E259 -> 4 | AL51: =AJ51/G51*1000 -> 0.31139309 | AM51: =AK51/G51*1000 -> 0.15569655 | AN51: =AJ51-AB51 -> 1 | AO51: =AN51/AB51 -> 0.14285714 | AP51: =BattMobility!F259+cambio!F259+Claus2you!F259+CoopStroom!F259+Cozywheels!F259+Dégage!F259+Flexigo!F259+Klimaan!F259+Moovee!F259+Poppy!F259+'Mobilize Share'!F259+Stapp.in!F259 -> 9 | AQ51: =BattMobility!G259+cambio!G259+Claus2you!G259+CoopStroom!G259+Cozywheels!G259+Dégage!G259+Flexigo!G259+Klimaan!G259+Moovee!G259+Poppy!G259+'Mobilize Share'!G259+Stapp.in!G259 -> 4 | AR51: =AP51/G51*1000 -> 0.35031723 | AS51: =AQ51/G51*1000 -> 0.15569655 | AT51: =AP51-AF51 -> 2 | AU51: 51.25 | AV51: 44.25
A52: Tielt | B52: West-Vlaanderen | C52: 37022 | D52: 20500 | E52: 20701 | F52: 20627 | G52: 31908 | H52: 3 | I52: 0 | J52: 0.14634146 | K52: 3 | L52: 0 | M52: 0.14634146 | N52: 3 | O52: 0 | P52: 0.14492054 | Q52: 0 | R52: 0 | S52: -0.0014209282 | T52: 0 | U52: -0.0014209282 | V52: 1 | W52: 0.048306845 | X52: 3 | Y52: 0 | Z52: 0.14492054 | AA52: 0 | AB52: =3+'overzicht voor jun 25'!AA190 -> 5 | AC52: 0 | AD52: 0.14544044 | AE52: 0 | AF52: 3 | AG52: 0 | AH52: 0.14544044 | AI52: 0 | AJ52: =BattMobility!D241+cambio!D241+Claus2you!D241+CoopStroom!D241+Cozywheels!D241+Dégage!D241+Flexigo!D241+Klimaan!D241+Moovee!D241+Poppy!D241+'Mobilize Share'!D241+Stapp.in!D241 -> 6 | AK52: =BattMobility!E241+cambio!E241+Claus2you!E241+CoopStroom!E241+Cozywheels!E241+Dégage!E241+Flexigo!E241+Klimaan!E241+Moovee!E241+Poppy!E241+'Mobilize Share'!E241+Stapp.in!E241 -> 1 | AL52: =AJ52/G52*1000 -> 0.18804062 | AM52: =AK52/G52*1000 -> 0.031340103 | AN52: =AJ52-AB52 -> 1 | AO52: =AN52/AB52 -> 0.2 | AP52: =BattMobility!F241+cambio!F241+Claus2you!F241+CoopStroom!F241+Cozywheels!F241+Dégage!F241+Flexigo!F241+Klimaan!F241+Moovee!F241+Poppy!F241+'Mobilize Share'!F241+Stapp.in!F241 -> 9 | AQ52: =BattMobility!G241+cambio!G241+Claus2you!G241+CoopStroom!G241+Cozywheels!G241+Dégage!G241+Flexigo!G241+Klimaan!G241+Moovee!G241+Poppy!G241+'Mobilize Share'!G241+Stapp.in!G241 -> 3 | AR52: =AP52/G52*1000 -> 0.28206093 | AS52: =AQ52/G52*1000 -> 0.094020308 | AT52: =AP52-AF52 -> 6 | AU52: 41.254 | AV52: 38.254
A53: Knokke-Heist | B53: West-Vlaanderen | C53: 31043 | D53: 32875 | E53: 32645 | F53: 32514 | G53: 32415 | H53: 2 | I53: 1 | J53: 0.060836502 | K53: 2 | L53: 1 | M53: 0.060836502 | N53: 2 | O53: 1 | P53: 0.061265125 | Q53: 0.030632562 | R53: 0 | S53: 0.00042862293 | T53: 0 | U53: 0.00042862293 | V53: 1 | W53: 0.030632562 | X53: 9 | Y53: 8 | Z53: 0.27569306 | AA53: 0.2450605 | AB53: 8 | AC53: 8 | AD53: 0.24604786 | AE53: 0.24604786 | AF53: 8 | AG53: 8 | AH53: 0.24604786 | AI53: 0.24604786 | AJ53: =BattMobility!D126+cambio!D126+Claus2you!D126+CoopStroom!D126+Cozywheels!D126+Dégage!D126+Flexigo!D126+Klimaan!D126+Moovee!D126+Poppy!D126+'Mobilize Share'!D126+Stapp.in!D126 -> 9 | AK53: =BattMobility!E126+cambio!E126+Claus2you!E126+CoopStroom!E126+Cozywheels!E126+Dégage!E126+Flexigo!E126+Klimaan!E126+Moovee!E126+Poppy!E126+'Mobilize Share'!E126+Stapp.in!E126 -> 8 | AL53: =AJ53/G53*1000 -> 0.27764924 | AM53: =AK53/G53*1000 -> 0.24679932 | AN53: =AJ53-AB53 -> 1 | AO53: =AN53/AB53 -> 0.125 | AP53: =BattMobility!F126+cambio!F126+Claus2you!F126+CoopStroom!F126+Cozywheels!F126+Dégage!F126+Flexigo!F126+Klimaan!F126+Moovee!F126+Poppy!F126+'Mobilize Share'!F126+Stapp.in!F126 -> 9 | AQ53: =BattMobility!G126+cambio!G126+Claus2you!G126+CoopStroom!G126+Cozywheels!G126+Dégage!G126+Flexigo!G126+Klimaan!G126+Moovee!G126+Poppy!G126+'Mobilize Share'!G126+Stapp.in!G126 -> 8 | AR53: =AP53/G53*1000 -> 0.27764924 | AS53: =AQ53/G53*1000 -> 0.24679932 | AT53: =AP53-AF53 -> 1 | AU53: 65.028 | AV53: 57.028
A54: Tienen | B54: Vlaams-Brabant | C54: 24107 | D54: 35973 | E54: 36282 | F54: 36581 | G54: 36890 | H54: 6 | I54: 0 | J54: 0.16679176 | K54: 4 | L54: 0 | M54: 0.11119451 | N54: 4 | O54: 3 | P54: 0.11024751 | Q54: 0.082685629 | R54: -2 | S54: -0.056544255 | T54: 0 | U54: -0.00094700134 | V54: 1 | W54: 0.027561876 | X54: 4 | Y54: 3 | Z54: 0.11024751 | AA54: 0.082685629 | AB54: 5 | AC54: 2 | AD54: 0.13668298 | AE54: 0.054673191 | AF54: 8 | AG54: 6 | AH54: 0.21869276 | AI54: 0.16401957 | AJ54: =BattMobility!D243+cambio!D243+Claus2you!D243+CoopStroom!D243+Cozywheels!D243+Dégage!D243+Flexigo!D243+Klimaan!D243+Moovee!D243+Poppy!D243+'Mobilize Share'!D243+Stapp.in!D243 -> 7 | AK54: =BattMobility!E243+cambio!E243+Claus2you!E243+CoopStroom!E243+Cozywheels!E243+Dégage!E243+Flexigo!E243+Klimaan!E243+Moovee!E243+Poppy!E243+'Mobilize Share'!E243+Stapp.in!E243 -> 4 | AL54: =AJ54/G54*1000 -> 0.18975332 | AM54: =AK54/G54*1000 -> 0.10843047 | AN54: =AJ54-AB54 -> 2 | AO54: =AN54/AB54 -> 0.4 | AP54: =BattMobility!F243+cambio!F243+Claus2you!F243+CoopStroom!F243+Cozywheels!F243+Dégage!F243+Flexigo!F243+Klimaan!F243+Moovee!F243+Poppy!F243+'Mobilize Share'!F243+Stapp.in!F243 -> 9 | AQ54: =BattMobility!G243+cambio!G243+Claus2you!G243+CoopStroom!G243+Cozywheels!G243+Dégage!G243+Flexigo!G243+Klimaan!G243+Moovee!G243+Poppy!G243+'Mobilize Share'!G243+Stapp.in!G243 -> 5 | AR54: =AP54/G54*1000 -> 0.24396856 | AS54: =AQ54/G54*1000 -> 0.13553809 | AT54: =AP54-AF54 -> 1 | AU54: 73.162 | AV54: 65.162
A55: Zaventem | B55: Vlaams-Brabant | C55: 23094 | D55: 35916 | E55: 36408 | F55: 36676 | G55: 37271 | H55: 1 | I55: 0 | J55: 0.027842744 | K55: 0 | L55: 0 | M55: 0 | N55: 5 | O55: 5 | P55: 0.13733245 | Q55: 0.13733245 | R55: 4 | S55: 0.10948971 | T55: 5 | U55: 0.13733245 | V55: 0 | W55: 0 | X55: 3 | Y55: 1 | Z55: 0.082399473 | AA55: 0.027466491 | AB55: 6 | AC55: 3 | AD55: 0.16359472 | AE55: 0.081797361 | AF55: 9 | AG55: 4 | AH55: 0.24539208 | AI55: 0.10906315 | AJ55: =BattMobility!D272+cambio!D272+Claus2you!D272+CoopStroom!D272+Cozywheels!D272+Dégage!D272+Flexigo!D272+Klimaan!D272+Moovee!D272+Poppy!D272+'Mobilize Share'!D272+Stapp.in!D272 -> 9 | AK55: =BattMobility!E272+cambio!E272+Claus2you!E272+CoopStroom!E272+Cozywheels!E272+Dégage!E272+Flexigo!E272+Klimaan!E272+Moovee!E272+Poppy!E272+'Mobilize Share'!E272+Stapp.in!E272 -> 4 | AL55: =AJ55/G55*1000 -> 0.2414746 | AM55: =AK55/G55*1000 -> 0.10732205 | AN55: =AJ55-AB55 -> 3 | AO55: =AN55/AB55 -> 0.5 | AP55: =BattMobility!F272+cambio!F272+Claus2you!F272+CoopStroom!F272+Cozywheels!F272+Dégage!F272+Flexigo!F272+Klimaan!F272+Moovee!F272+Poppy!F272+'Mobilize Share'!F272+Stapp.in!F272 -> 9 | AQ55: =BattMobility!G272+cambio!G272+Claus2you!G272+CoopStroom!G272+Cozywheels!G272+Dégage!G272+Flexigo!G272+Klimaan!G272+Moovee!G272+Poppy!G272+'Mobilize Share'!G272+Stapp.in!G272 -> 4 | AR55: =AP55/G55*1000 -> 0.2414746 | AS55: =AQ55/G55*1000 -> 0.10732205 | AT55: =AP55-AF55 -> 0 | AU55: 73.352 | AV55: 64.352
A56: Brasschaat | B56: Antwerpen | C56: 11008 | D56: 38237 | E56: 38575 | F56: 38470 | G56: 38416 | H56: 9 | I56: 8 | J56: 0.23537411 | K56: 9 | L56: 9 | M56: 0.23537411 | N56: 7 | O56: 7 | P56: 0.18146468 | Q56: 0.18146468 | R56: -2 | S56: -0.053909435 | T56: -2 | U56: -0.053909435 | V56: 0 | W56: 0 | X56: 1 | Y56: 0 | Z56: 0.025923526 | AA56: 0 | AB56: 9 | AC56: 8 | AD56: 0.23394853 | AE56: 0.20795425 | AF56: 10 | AG56: 9 | AH56: 0.25994281 | AI56: 0.23394853 | AJ56: =BattMobility!D41+cambio!D41+Claus2you!D41+CoopStroom!D41+Cozywheels!D41+Dégage!D41+Flexigo!D41+Klimaan!D41+Moovee!D41+Poppy!D41+'Mobilize Share'!D41+Stapp.in!D41 -> 9 | AK56: =BattMobility!E41+cambio!E41+Claus2you!E41+CoopStroom!E41+Cozywheels!E41+Dégage!E41+Flexigo!E41+Klimaan!E41+Moovee!E41+Poppy!E41+'Mobilize Share'!E41+Stapp.in!E41 -> 8 | AL56: =AJ56/G56*1000 -> 0.23427738 | AM56: =AK56/G56*1000 -> 0.20824656 | AN56: =AJ56-AB56 -> 0 | AO56: =AN56/AB56 -> 0 | AP56: =BattMobility!F41+cambio!F41+Claus2you!F41+CoopStroom!F41+Cozywheels!F41+Dégage!F41+Flexigo!F41+Klimaan!F41+Moovee!F41+Poppy!F41+'Mobilize Share'!F41+Stapp.in!F41 -> 9 | AQ56: =BattMobility!G41+cambio!G41+Claus2you!G41+CoopStroom!G41+Cozywheels!G41+Dégage!G41+Flexigo!G41+Klimaan!G41+Moovee!G41+Poppy!G41+'Mobilize Share'!G41+Stapp.in!G41 -> 8 | AR56: =AP56/G56*1000 -> 0.23427738 | AS56: =AQ56/G56*1000 -> 0.20824656 | AT56: =AP56-AF56 -> -1 | AU56: 76.94 | AV56: 66.94
A57: Grimbergen | B57: Vlaams-Brabant | C57: 23025 | D57: 38539 | E57: 39368 | F57: 39860 | G57: 40062 | H57: 6 | I57: 0 | J57: 0.15568645 | K57: 6 | L57: 0 | M57: 0.15568645 | N57: 6 | O57: 2 | P57: 0.15240805 | Q57: 0.050802682 | R57: 0 | S57: -0.0032784003 | T57: 0 | U57: -0.0032784003 | V57: 4 | W57: 0.10160536 | X57: 7 | Y57: 4 | Z57: 0.17780939 | AA57: 0.10160536 | AB57: 8 | AC57: 4 | AD57: 0.20070246 | AE57: 0.10035123 | AF57: 10 | AG57: 4 | AH57: 0.25087807 | AI57: 0.10035123 | AJ57: =BattMobility!D78+cambio!D78+Claus2you!D78+CoopStroom!D78+Cozywheels!D78+Dégage!D78+Flexigo!D78+Klimaan!D78+Moovee!D78+Poppy!D78+'Mobilize Share'!D78+Stapp.in!D78 -> 9 | AK57: =BattMobility!E78+cambio!E78+Claus2you!E78+CoopStroom!E78+Cozywheels!E78+Dégage!E78+Flexigo!E78+Klimaan!E78+Moovee!E78+Poppy!E78+'Mobilize Share'!E78+Stapp.in!E78 -> 4 | AL57: =AJ57/G57*1000 -> 0.22465179 | AM57: =AK57/G57*1000 -> 0.09984524 | AN57: =AJ57-AB57 -> 1 | AO57: =AN57/AB57 -> 0.125 | AP57: =BattMobility!F78+cambio!F78+Claus2you!F78+CoopStroom!F78+Cozywheels!F78+Dégage!F78+Flexigo!F78+Klimaan!F78+Moovee!F78+Poppy!F78+'Mobilize Share'!F78+Stapp.in!F78 -> 9 | AQ57: =BattMobility!G78+cambio!G78+Claus2you!G78+CoopStroom!G78+Cozywheels!G78+Dégage!G78+Flexigo!G78+Klimaan!G78+Moovee!G78+Poppy!G78+'Mobilize Share'!G78+Stapp.in!G78 -> 4 | AR57: =AP57/G57*1000 -> 0.22465179 | AS57: =AQ57/G57*1000 -> 0.09984524 | AT57: =AP57-AF57 -> -1 | AU57: 79.72 | AV57: 69.72
A58: Heist-op-den-Berg | B58: Antwerpen | C58: 12014 | D58: 43594 | E58: 44226 | F58: 44505 | G58: 44723 | H58: 2 | I58: 0 | J58: 0.045877873 | K58: 2 | L58: 0 | M58: 0.045877873 | N58: 2 | O58: 0 | P58: 0.045222267 | Q58: 0 | R58: 0 | S58: -0.00065560566 | T58: 0 | U58: -0.00065560566 | V58: 0 | W58: 0 | X58: 3 | Y58: 0 | Z58: 0.067833401 | AA58: 0 | AB58: 3 | AC58: 0 | AD58: 0.067408156 | AE58: 0 | AF58: 1 | AG58: 0 | AH58: 0.022469385 | AI58: 0 | AJ58: =BattMobility!D90+cambio!D90+Claus2you!D90+CoopStroom!D90+Cozywheels!D90+Dégage!D90+Flexigo!D90+Klimaan!D90+Moovee!D90+Poppy!D90+'Mobilize Share'!D90+Stapp.in!D90 -> 8 | AK58: =BattMobility!E90+cambio!E90+Claus2you!E90+CoopStroom!E90+Cozywheels!E90+Dégage!E90+Flexigo!E90+Klimaan!E90+Moovee!E90+Poppy!E90+'Mobilize Share'!E90+Stapp.in!E90 -> 1 | AL58: =AJ58/G58*1000 -> 0.17887888 | AM58: =AK58/G58*1000 -> 0.02235986 | AN58: =AJ58-AB58 -> 5 | AO58: =AN58/AB58 -> 1.6666667 | AP58: =BattMobility!F90+cambio!F90+Claus2you!F90+CoopStroom!F90+Cozywheels!F90+Dégage!F90+Flexigo!F90+Klimaan!F90+Moovee!F90+Poppy!F90+'Mobilize Share'!F90+Stapp.in!F90 -> 9 | AQ58: =BattMobility!G90+cambio!G90+Claus2you!G90+CoopStroom!G90+Cozywheels!G90+Dégage!G90+Flexigo!G90+Klimaan!G90+Moovee!G90+Poppy!G90+'Mobilize Share'!G90+Stapp.in!G90 -> 2 | AR58: =AP58/G58*1000 -> 0.20123874 | AS58: =AQ58/G58*1000 -> 0.044719719 | AT58: =AP58-AF58 -> 8 | AU58: 89.01 | AV58: 88.01
A59: Bierbeek | B59: Vlaams-Brabant | C59: 24011 | D59: 10277 | E59: 10469 | F59: 10534 | G59: 10778 | H59: 1 | I59: 0 | J59: 0.097304661 | K59: 2 | L59: 0 | M59: 0.19460932 | N59: 1 | O59: 0 | P59: 0.095520107 | Q59: 0 | R59: 0 | S59: -0.0017845539 | T59: -1 | U59: -0.099089215 | V59: 1 | W59: 0.095520107 | X59: 3 | Y59: 1 | Z59: 0.28656032 | AA59: 0.095520107 | AB59: 4 | AC59: 1 | AD59: 0.3797228 | AE59: 0.094930701 | AF59: 7 | AG59: 3 | AH59: 0.6645149 | AI59: 0.2847921 | AJ59: =BattMobility!D30+cambio!D30+Claus2you!D30+CoopStroom!D30+Cozywheels!D30+Dégage!D30+Flexigo!D30+Klimaan!D30+Moovee!D30+Poppy!D30+'Mobilize Share'!D30+Stapp.in!D30 -> 8 | AK59: =BattMobility!E30+cambio!E30+Claus2you!E30+CoopStroom!E30+Cozywheels!E30+Dégage!E30+Flexigo!E30+Klimaan!E30+Moovee!E30+Poppy!E30+'Mobilize Share'!E30+Stapp.in!E30 -> 4 | AL59: =AJ59/G59*1000 -> 0.74225274 | AM59: =AK59/G59*1000 -> 0.37112637 | AN59: =AJ59-AB59 -> 4 | AO59: =AN59/AB59 -> 1 | AP59: =BattMobility!F30+cambio!F30+Claus2you!F30+CoopStroom!F30+Cozywheels!F30+Dégage!F30+Flexigo!F30+Klimaan!F30+Moovee!F30+Poppy!F30+'Mobilize Share'!F30+Stapp.in!F30 -> 8 | AQ59: =BattMobility!G30+cambio!G30+Claus2you!G30+CoopStroom!G30+Cozywheels!G30+Dégage!G30+Flexigo!G30+Klimaan!G30+Moovee!G30+Poppy!G30+'Mobilize Share'!G30+Stapp.in!G30 -> 4 | AR59: =AP59/G59*1000 -> 0.74225274 | AS59: =AQ59/G59*1000 -> 0.37112637 | AT59: =AP59-AF59 -> 1 | AU59: 21.068 | AV59: 14.068
A60: Oud-Heverlee | B60: Vlaams-Brabant | C60: 24086 | D60: 11470 | E60: 11545 | F60: 11474 | G60: 11406 | H60: 5 | I60: 0 | J60: 0.43591979 | K60: 2 | L60: 0 | M60: 0.17436792 | N60: 3 | O60: 2 | P60: 0.25985275 | Q60: 0.17323517 | R60: -2 | S60: -0.17606704 | T60: 1 | U60: 0.085484834 | V60: 1 | W60: 0.086617583 | X60: 2 | Y60: 2 | Z60: 0.17323517 | AA60: 0.17323517 | AB60: 6 | AC60: 5 | AD60: 0.52292139 | AE60: 0.43576782 | AF60: 8 | AG60: 5 | AH60: 0.69722852 | AI60: 0.43576782 | AJ60: =BattMobility!D195+cambio!D195+Claus2you!D195+CoopStroom!D195+Cozywheels!D195+Dégage!D195+Flexigo!D195+Klimaan!D195+Moovee!D195+Poppy!D195+'Mobilize Share'!D195+Stapp.in!D195 -> 8 | AK60: =BattMobility!E195+cambio!E195+Claus2you!E195+CoopStroom!E195+Cozywheels!E195+Dégage!E195+Flexigo!E195+Klimaan!E195+Moovee!E195+Poppy!E195+'Mobilize Share'!E195+Stapp.in!E195 -> 5 | AL60: =AJ60/G60*1000 -> 0.70138524 | AM60: =AK60/G60*1000 -> 0.43836577 | AN60: =AJ60-AB60 -> 2 | AO60: =AN60/AB60 -> 0.33333333 | AP60: =BattMobility!F195+cambio!F195+Claus2you!F195+CoopStroom!F195+Cozywheels!F195+Dégage!F195+Flexigo!F195+Klimaan!F195+Moovee!F195+Poppy!F195+'Mobilize Share'!F195+Stapp.in!F195 -> 8 | AQ60: =BattMobility!G195+cambio!G195+Claus2you!G195+CoopStroom!G195+Cozywheels!G195+Dégage!G195+Flexigo!G195+Klimaan!G195+Moovee!G195+Poppy!G195+'Mobilize Share'!G195+Stapp.in!G195 -> 4 | AR60: =AP60/G60*1000 -> 0.70138524 | AS60: =AQ60/G60*1000 -> 0.35069262 | AT60: =AP60-AF60 -> 0 | AU60: 22.948 | AV60: 14.948
A61: Zulte | B61: Oost-Vlaanderen | C61: 44081 | D61: 15943 | E61: 16000 | F61: 16095 | G61: 16233 | H61: 0 | I61: 0 | J61: 0 | K61: 0 | L61: 0 | M61: 0 | N61: 4 | O61: 4 | P61: 0.25 | Q61: 0.25 | R61: 4 | S61: 0.25 | T61: 4 | U61: 0.25 | V61: 0 | W61: 0 | X61: 0 | Y61: 0 | Z61: 0 | AA61: 0 | AB61: 6 | AC61: 6 | AD61: 0.37278658 | AE61: 0.37278658 | AF61: 6 | AG61: 6 | AH61: 0.37278658 | AI61: 0.37278658 | AJ61: =BattMobility!D283+cambio!D283+Claus2you!D283+CoopStroom!D283+Cozywheels!D283+Dégage!D283+Flexigo!D283+Klimaan!D283+Moovee!D283+Poppy!D283+'Mobilize Share'!D283+Stapp.in!D283 -> 6 | AK61: =BattMobility!E283+cambio!E283+Claus2you!E283+CoopStroom!E283+Cozywheels!E283+Dégage!E283+Flexigo!E283+Klimaan!E283+Moovee!E283+Poppy!E283+'Mobilize Share'!E283+Stapp.in!E283 -> 6 | AL61: =AJ61/G61*1000 -> 0.36961745 | AM61: =AK61/G61*1000 -> 0.36961745 | AN61: =AJ61-AB61 -> 0 | AO61: =AN61/AB61 -> 0 | AP61: =BattMobility!F283+cambio!F283+Claus2you!F283+CoopStroom!F283+Cozywheels!F283+Dégage!F283+Flexigo!F283+Klimaan!F283+Moovee!F283+Poppy!F283+'Mobilize Share'!F283+Stapp.in!F283 -> 8 | AQ61: =BattMobility!G283+cambio!G283+Claus2you!G283+CoopStroom!G283+Cozywheels!G283+Dégage!G283+Flexigo!G283+Klimaan!G283+Moovee!G283+Poppy!G283+'Mobilize Share'!G283+Stapp.in!G283 -> 7 | AR61: =AP61/G61*1000 -> 0.49282326 | AS61: =AQ61/G61*1000 -> 0.43122035 | AT61: =AP61-AF61 -> 2 | AU61: 32.19 | AV61: 26.19
A62: Beernem | B62: West-Vlaanderen | C62: 31003 | D62: 15966 | E62: 16131 | F62: 16259 | G62: 16318 | H62: 2 | I62: 2 | J62: 0.12526619 | K62: 2 | L62: 2 | M62: 0.12526619 | N62: 2 | O62: 2 | P62: 0.12398487 | Q62: 0.12398487 | R62: 0 | S62: -0.0012813168 | T62: 0 | U62: -0.0012813168 | V62: 0 | W62: 0 | X62: 3 | Y62: 2 | Z62: 0.18597731 | AA62: 0.12398487 | AB62: 3 | AC62: 2 | AD62: 0.18451319 | AE62: 0.1230088 | AF62: 6 | AG62: 5 | AH62: 0.36902639 | AI62: 0.30752199 | AJ62: =BattMobility!D19+cambio!D19+Claus2you!D19+CoopStroom!D19+Cozywheels!D19+Dégage!D19+Flexigo!D19+Klimaan!D19+Moovee!D19+Poppy!D19+'Mobilize Share'!D19+Stapp.in!D19 -> 6 | AK62: =BattMobility!E19+cambio!E19+Claus2you!E19+CoopStroom!E19+Cozywheels!E19+Dégage!E19+Flexigo!E19+Klimaan!E19+Moovee!E19+Poppy!E19+'Mobilize Share'!E19+Stapp.in!E19 -> 5 | AL62: =AJ62/G62*1000 -> 0.36769212 | AM62: =AK62/G62*1000 -> 0.3064101 | AN62: =AJ62-AB62 -> 3 | AO62: =AN62/AB62 -> 1 | AP62: =BattMobility!F19+cambio!F19+Claus2you!F19+CoopStroom!F19+Cozywheels!F19+Dégage!F19+Flexigo!F19+Klimaan!F19+Moovee!F19+Poppy!F19+'Mobilize Share'!F19+Stapp.in!F19 -> 8 | AQ62: =BattMobility!G19+cambio!G19+Claus2you!G19+CoopStroom!G19+Cozywheels!G19+Dégage!G19+Flexigo!G19+Klimaan!G19+Moovee!G19+Poppy!G19+'Mobilize Share'!G19+Stapp.in!G19 -> 7 | AR62: =AP62/G62*1000 -> 0.49025616 | AS62: =AQ62/G62*1000 -> 0.42897414 | AT62: =AP62-AF62 -> 2 | AU62: 32.518 | AV62: 26.518
A63: Herzele | B63: Oost-Vlaanderen | C63: 41027 | D63: 18489 | E63: 18715 | F63: 18928 | G63: 19179 | H63: 4 | I63: 0 | J63: 0.21634485 | K63: 3 | L63: 0 | M63: 0.16225864 | N63: 3 | O63: 3 | P63: 0.16029923 | Q63: 0.16029923 | R63: -1 | S63: -0.056045628 | T63: 0 | U63: -0.0019594151 | V63: 0 | W63: 0 | X63: 4 | Y63: 3 | Z63: 0.2137323 | AA63: 0.16029923 | AB63: 5 | AC63: 4 | AD63: 0.26415892 | AE63: 0.21132713 | AF63: 5 | AG63: 4 | AH63: 0.26415892 | AI63: 0.21132713 | AJ63: =BattMobility!D98+cambio!D98+Claus2you!D98+CoopStroom!D98+Cozywheels!D98+Dégage!D98+Flexigo!D98+Klimaan!D98+Moovee!D98+Poppy!D98+'Mobilize Share'!D98+Stapp.in!D98 -> 5 | AK63: =BattMobility!E98+cambio!E98+Claus2you!E98+CoopStroom!E98+Cozywheels!E98+Dégage!E98+Flexigo!E98+Klimaan!E98+Moovee!E98+Poppy!E98+'Mobilize Share'!E98+Stapp.in!E98 -> 4 | AL63: =AJ63/G63*1000 -> 0.26070181 | AM63: =AK63/G63*1000 -> 0.20856145 | AN63: =AJ63-AB63 -> 0 | AO63: =AN63/AB63 -> 0 | AP63: =BattMobility!F98+cambio!F98+Claus2you!F98+CoopStroom!F98+Cozywheels!F98+Dégage!F98+Flexigo!F98+Klimaan!F98+Moovee!F98+Poppy!F98+'Mobilize Share'!F98+Stapp.in!F98 -> 8 | AQ63: =BattMobility!G98+cambio!G98+Claus2you!G98+CoopStroom!G98+Cozywheels!G98+Dégage!G98+Flexigo!G98+Klimaan!G98+Moovee!G98+Poppy!G98+'Mobilize Share'!G98+Stapp.in!G98 -> 7 | AR63: =AP63/G63*1000 -> 0.41712289 | AS63: =AQ63/G63*1000 -> 0.36498253 | AT63: =AP63-AF63 -> 3 | AU63: 37.856 | AV63: 32.856
A64: Lebbeke | B64: Oost-Vlaanderen | C64: 42011 | D64: 19719 | E64: 19925 | F64: 20059 | G64: 20298 | H64: 4 | I64: 0 | J64: 0.20285004 | K64: 4 | L64: 0 | M64: 0.20285004 | N64: 3 | O64: 3 | P64: 0.15056462 | Q64: 0.15056462 | R64: -1 | S64: -0.052285426 | T64: -1 | U64: -0.052285426 | V64: 0 | W64: 0 | X64: 4 | Y64: 3 | Z64: 0.20075282 | AA64: 0.15056462 | AB64: 5 | AC64: 4 | AD64: 0.24926467 | AE64: 0.19941174 | AF64: 6 | AG64: 5 | AH64: 0.2991176 | AI64: 0.24926467 | AJ64: =BattMobility!D142+cambio!D142+Claus2you!D142+CoopStroom!D142+Cozywheels!D142+Dégage!D142+Flexigo!D142+Klimaan!D142+Moovee!D142+Poppy!D142+'Mobilize Share'!D142+Stapp.in!D142 -> 6 | AK64: =BattMobility!E142+cambio!E142+Claus2you!E142+CoopStroom!E142+Cozywheels!E142+Dégage!E142+Flexigo!E142+Klimaan!E142+Moovee!E142+Poppy!E142+'Mobilize Share'!E142+Stapp.in!E142 -> 5 | AL64: =AJ64/G64*1000 -> 0.29559563 | AM64: =AK64/G64*1000 -> 0.24632969 | AN64: =AJ64-AB64 -> 1 | AO64: =AN64/AB64 -> 0.2 | AP64: =BattMobility!F142+cambio!F142+Claus2you!F142+CoopStroom!F142+Cozywheels!F142+Dégage!F142+Flexigo!F142+Klimaan!F142+Moovee!F142+Poppy!F142+'Mobilize Share'!F142+Stapp.in!F142 -> 8 | AQ64: =BattMobility!G142+cambio!G142+Claus2you!G142+CoopStroom!G142+Cozywheels!G142+Dégage!G142+Flexigo!G142+Klimaan!G142+Moovee!G142+Poppy!G142+'Mobilize Share'!G142+Stapp.in!G142 -> 7 | AR64: =AP64/G64*1000 -> 0.3941275 | AS64: =AQ64/G64*1000 -> 0.34486156 | AT64: =AP64-AF64 -> 2 | AU64: 40.118 | AV64: 34.118
A65: Wingene | B65: West-Vlaanderen | C65: 37021 | D65: 14852 | E65: 15039 | F65: 15161 | G65: 20781 | H65: 2 | I65: 1 | J65: 0.134662 | K65: 2 | L65: 1 | M65: 0.134662 | N65: 1 | O65: 1 | P65: 0.066493783 | Q65: 0.066493783 | R65: -1 | S65: -0.068168216 | T65: -1 | U65: -0.068168216 | V65: 0 | W65: 0 | X65: 1 | Y65: 1 | Z65: 0.066493783 | AA65: 0.066493783 | AB65: =2+'overzicht voor jun 25'!AA230 -> 5 | AC65: 1 | AD65: 0.13191742 | AE65: 0.06595871 | AF65: 3 | AG65: 2 | AH65: 0.19787613 | AI65: 0.13191742 | AJ65: =BattMobility!D267+cambio!D267+Claus2you!D267+CoopStroom!D267+Cozywheels!D267+Dégage!D267+Flexigo!D267+Klimaan!D267+Moovee!D267+Poppy!D267+'Mobilize Share'!D267+Stapp.in!D267 -> 7 | AK65: =BattMobility!E267+cambio!E267+Claus2you!E267+CoopStroom!E267+Cozywheels!E267+Dégage!E267+Flexigo!E267+Klimaan!E267+Moovee!E267+Poppy!E267+'Mobilize Share'!E267+Stapp.in!E267 -> 3 | AL65: =AJ65/G65*1000 -> 0.33684616 | AM65: =AK65/G65*1000 -> 0.14436264 | AN65: =AJ65-AB65 -> 2 | AO65: =AN65/AB65 -> 0.4 | AP65: =BattMobility!F267+cambio!F267+Claus2you!F267+CoopStroom!F267+Cozywheels!F267+Dégage!F267+Flexigo!F267+Klimaan!F267+Moovee!F267+Poppy!F267+'Mobilize Share'!F267+Stapp.in!F267 -> 8 | AQ65: =BattMobility!G267+cambio!G267+Claus2you!G267+CoopStroom!G267+Cozywheels!G267+Dégage!G267+Flexigo!G267+Klimaan!G267+Moovee!G267+Poppy!G267+'Mobilize Share'!G267+Stapp.in!G267 -> 3 | AR65: =AP65/G65*1000 -> 0.38496704 | AS65: =AQ65/G65*1000 -> 0.14436264 | AT65: =AP65-AF65 -> 5 | AU65: 30.322 | AV65: 27.322
A66: Erpe-Mere | B66: Oost-Vlaanderen | C66: 41082 | D66: 20606 | E66: 20843 | F66: 21013 | G66: 21117 | H66: 2 | I66: 0 | J66: 0.097059109 | K66: 2 | L66: 0 | M66: 0.097059109 | N66: 2 | O66: 2 | P66: 0.095955477 | Q66: 0.095955477 | R66: 0 | S66: -0.0011036323 | T66: 0 | U66: -0.0011036323 | V66: 0 | W66: 0 | X66: 2 | Y66: 2 | Z66: 0.095955477 | AA66: 0.095955477 | AB66: 4 | AC66: 4 | AD66: 0.19035835 | AE66: 0.19035835 | AF66: 7 | AG66: 6 | AH66: 0.33312711 | AI66: 0.28553752 | AJ66: =BattMobility!D66+cambio!D66+Claus2you!D66+CoopStroom!D66+Cozywheels!D66+Dégage!D66+Flexigo!D66+Klimaan!D66+Moovee!D66+Poppy!D66+'Mobilize Share'!D66+Stapp.in!D66 -> 8 | AK66: =BattMobility!E66+cambio!E66+Claus2you!E66+CoopStroom!E66+Cozywheels!E66+Dégage!E66+Flexigo!E66+Klimaan!E66+Moovee!E66+Poppy!E66+'Mobilize Share'!E66+Stapp.in!E66 -> 6 | AL66: =AJ66/G66*1000 -> 0.37884169 | AM66: =AK66/G66*1000 -> 0.28413127 | AN66: =AJ66-AB66 -> 4 | AO66: =AN66/AB66 -> 1 | AP66: =BattMobility!F66+cambio!F66+Claus2you!F66+CoopStroom!F66+Cozywheels!F66+Dégage!F66+Flexigo!F66+Klimaan!F66+Moovee!F66+Poppy!F66+'Mobilize Share'!F66+Stapp.in!F66 -> 8 | AQ66: =BattMobility!G66+cambio!G66+Claus2you!G66+CoopStroom!G66+Cozywheels!G66+Dégage!G66+Flexigo!G66+Klimaan!G66+Moovee!G66+Poppy!G66+'Mobilize Share'!G66+Stapp.in!G66 -> 6 | AR66: =AP66/G66*1000 -> 0.37884169 | AS66: =AQ66/G66*1000 -> 0.28413127 | AT66: =AP66-AF66 -> 1 | AU66: 42.026 | AV66: 35.026
A67: Kortenberg | B67: Vlaams-Brabant | C67: 24055 | D67: 20462 | E67: 20920 | F67: 21165 | G67: 21386 | H67: 1 | I67: 0 | J67: 0.048871078 | K67: 3 | L67: 0 | M67: 0.14661323 | N67: 12 | O67: 0 | P67: 0.57361377 | Q67: 0 | R67: 11 | S67: 0.52474269 | T67: 9 | U67: 0.42700053 | V67: 3 | W67: 0.14340344 | X67: 4 | Y67: 0 | Z67: 0.19120459 | AA67: 0 | AB67: 6 | AC67: 0 | AD67: 0.28348689 | AE67: 0 | AF67: 9 | AG67: 1 | AH67: 0.42523033 | AI67: 0.047247815 | AJ67: =BattMobility!D132+cambio!D132+Claus2you!D132+CoopStroom!D132+Cozywheels!D132+Dégage!D132+Flexigo!D132+Klimaan!D132+Moovee!D132+Poppy!D132+'Mobilize Share'!D132+Stapp.in!D132 -> 7 | AK67: =BattMobility!E132+cambio!E132+Claus2you!E132+CoopStroom!E132+Cozywheels!E132+Dégage!E132+Flexigo!E132+Klimaan!E132+Moovee!E132+Poppy!E132+'Mobilize Share'!E132+Stapp.in!E132 -> 1 | AL67: =AJ67/G67*1000 -> 0.32731694 | AM67: =AK67/G67*1000 -> 0.046759562 | AN67: =AJ67-AB67 -> 1 | AO67: =AN67/AB67 -> 0.16666667 | AP67: =BattMobility!F132+cambio!F132+Claus2you!F132+CoopStroom!F132+Cozywheels!F132+Dégage!F132+Flexigo!F132+Klimaan!F132+Moovee!F132+Poppy!F132+'Mobilize Share'!F132+Stapp.in!F132 -> 8 | AQ67: =BattMobility!G132+cambio!G132+Claus2you!G132+CoopStroom!G132+Cozywheels!G132+Dégage!G132+Flexigo!G132+Klimaan!G132+Moovee!G132+Poppy!G132+'Mobilize Share'!G132+Stapp.in!G132 -> 2 | AR67: =AP67/G67*1000 -> 0.3740765 | AS67: =AQ67/G67*1000 -> 0.093519125 | AT67: =AP67-AF67 -> -1 | AU67: 42.33 | AV67: 33.33
A68: Eeklo | B68: Oost-Vlaanderen | C68: 43005 | D68: 21775 | E68: 22140 | F68: 22401 | G68: 22733 | H68: 3 | I68: 1 | J68: 0.13777268 | K68: 3 | L68: 1 | M68: 0.13777268 | N68: 4 | O68: 1 | P68: 0.18066847 | Q68: 0.045167118 | R68: 1 | S68: 0.042895798 | T68: 1 | U68: 0.042895798 | V68: 1 | W68: 0.045167118 | X68: 8 | Y68: 1 | Z68: 0.36133695 | AA68: 0.045167118 | AB68: 8 | AC68: 2 | AD68: 0.35712691 | AE68: 0.089281728 | AF68: 8 | AG68: 2 | AH68: 0.35712691 | AI68: 0.089281728 | AJ68: =BattMobility!D65+cambio!D65+Claus2you!D65+CoopStroom!D65+Cozywheels!D65+Dégage!D65+Flexigo!D65+Klimaan!D65+Moovee!D65+Poppy!D65+'Mobilize Share'!D65+Stapp.in!D65 -> 8 | AK68: =BattMobility!E65+cambio!E65+Claus2you!E65+CoopStroom!E65+Cozywheels!E65+Dégage!E65+Flexigo!E65+Klimaan!E65+Moovee!E65+Poppy!E65+'Mobilize Share'!E65+Stapp.in!E65 -> 2 | AL68: =AJ68/G68*1000 -> 0.35191132 | AM68: =AK68/G68*1000 -> 0.08797783 | AN68: =AJ68-AB68 -> 0 | AO68: =AN68/AB68 -> 0 | AP68: =BattMobility!F65+cambio!F65+Claus2you!F65+CoopStroom!F65+Cozywheels!F65+Dégage!F65+Flexigo!F65+Klimaan!F65+Moovee!F65+Poppy!F65+'Mobilize Share'!F65+Stapp.in!F65 -> 8 | AQ68: =BattMobility!G65+cambio!G65+Claus2you!G65+CoopStroom!G65+Cozywheels!G65+Dégage!G65+Flexigo!G65+Klimaan!G65+Moovee!G65+Poppy!G65+'Mobilize Share'!G65+Stapp.in!G65 -> 2 | AR68: =AP68/G68*1000 -> 0.35191132 | AS68: =AQ68/G68*1000 -> 0.08797783 | AT68: =AP68-AF68 -> 0 | AU68: 44.802 | AV68: 36.802
A69: Zemst | B69: Vlaams-Brabant | C69: 23096 | D69: 23306 | E69: 23357 | F69: 23401 | G69: 23369 | H69: 5 | I69: 0 | J69: 0.21453703 | K69: 3 | L69: 0 | M69: 0.12872222 | N69: 4 | O69: 2 | P69: 0.17125487 | Q69: 0.085627435 | R69: -1 | S69: -0.043282159 | T69: 1 | U69: 0.042532653 | V69: 2 | W69: 0.085627435 | X69: 5 | Y69: 2 | Z69: 0.21406859 | AA69: 0.085627435 | AB69: 7 | AC69: 4 | AD69: 0.29913252 | AE69: 0.17093287 | AF69: 7 | AG69: 4 | AH69: 0.29913252 | AI69: 0.17093287 | AJ69: =BattMobility!D276+cambio!D276+Claus2you!D276+CoopStroom!D276+Cozywheels!D276+Dégage!D276+Flexigo!D276+Klimaan!D276+Moovee!D276+Poppy!D276+'Mobilize Share'!D276+Stapp.in!D276 -> 7 | AK69: =BattMobility!E276+cambio!E276+Claus2you!E276+CoopStroom!E276+Cozywheels!E276+Dégage!E276+Flexigo!E276+Klimaan!E276+Moovee!E276+Poppy!E276+'Mobilize Share'!E276+Stapp.in!E276 -> 3 | AL69: =AJ69/G69*1000 -> 0.29954213 | AM69: =AK69/G69*1000 -> 0.1283752 | AN69: =AJ69-AB69 -> 0 | AO69: =AN69/AB69 -> 0 | AP69: =BattMobility!F276+cambio!F276+Claus2you!F276+CoopStroom!F276+Cozywheels!F276+Dégage!F276+Flexigo!F276+Klimaan!F276+Moovee!F276+Poppy!F276+'Mobilize Share'!F276+Stapp.in!F276 -> 8 | AQ69: =BattMobility!G276+cambio!G276+Claus2you!G276+CoopStroom!G276+Cozywheels!G276+Dégage!G276+Flexigo!G276+Klimaan!G276+Moovee!G276+Poppy!G276+'Mobilize Share'!G276+Stapp.in!G276 -> 3 | AR69: =AP69/G69*1000 -> 0.34233386 | AS69: =AQ69/G69*1000 -> 0.1283752 | AT69: =AP69-AF69 -> 1 | AU69: 46.802 | AV69: 39.802
A70: Zottegem | B70: Oost-Vlaanderen | C70: 41081 | D70: 27341 | E70: 27677 | F70: 28085 | G70: 28236 | H70: 3 | I70: 0 | J70: 0.10972532 | K70: 5 | L70: 0 | M70: 0.18287553 | N70: 4 | O70: 3 | P70: 0.14452433 | Q70: 0.10839325 | R70: 1 | S70: 0.034799013 | T70: -1 | U70: -0.038351201 | V70: 1 | W70: 0.036131084 | X70: 5 | Y70: 3 | Z70: 0.18065542 | AA70: 0.10839325 | AB70: 5 | AC70: 4 | AD70: 0.17803098 | AE70: 0.14242478 | AF70: 8 | AG70: 5 | AH70: 0.28484956 | AI70: 0.17803098 | AJ70: =BattMobility!D280+cambio!D280+Claus2you!D280+CoopStroom!D280+Cozywheels!D280+Dégage!D280+Flexigo!D280+Klimaan!D280+Moovee!D280+Poppy!D280+'Mobilize Share'!D280+Stapp.in!D280 -> 8 | AK70: =BattMobility!E280+cambio!E280+Claus2you!E280+CoopStroom!E280+Cozywheels!E280+Dégage!E280+Flexigo!E280+Klimaan!E280+Moovee!E280+Poppy!E280+'Mobilize Share'!E280+Stapp.in!E280 -> 4 | AL70: =AJ70/G70*1000 -> 0.28332625 | AM70: =AK70/G70*1000 -> 0.14166313 | AN70: =AJ70-AB70 -> 3 | AO70: =AN70/AB70 -> 0.6 | AP70: =BattMobility!F280+cambio!F280+Claus2you!F280+CoopStroom!F280+Cozywheels!F280+Dégage!F280+Flexigo!F280+Klimaan!F280+Moovee!F280+Poppy!F280+'Mobilize Share'!F280+Stapp.in!F280 -> 8 | AQ70: =BattMobility!G280+cambio!G280+Claus2you!G280+CoopStroom!G280+Cozywheels!G280+Dégage!G280+Flexigo!G280+Klimaan!G280+Moovee!G280+Poppy!G280+'Mobilize Share'!G280+Stapp.in!G280 -> 5 | AR70: =AP70/G70*1000 -> 0.28332625 | AS70: =AQ70/G70*1000 -> 0.17707891 | AT70: =AP70-AF70 -> 0 | AU70: 56.17 | AV70: 48.17
A71: Oosterzele | B71: Oost-Vlaanderen | C71: 44052 | D71: 13840 | E71: 14024 | F71: 14062 | G71: 14088 | H71: 5 | I71: 0 | J71: 0.36127168 | K71: 7 | L71: 0 | M71: 0.50578035 | N71: 4 | O71: 2 | P71: 0.28522533 | Q71: 0.14261266 | R71: -1 | S71: -0.076046348 | T71: -3 | U71: -0.22055502 | V71: 2 | W71: 0.14261266 | X71: 5 | Y71: 2 | Z71: 0.35653166 | AA71: 0.14261266 | AB71: 6 | AC71: 2 | AD71: 0.42668184 | AE71: 0.14222728 | AF71: 6 | AG71: 3 | AH71: 0.42668184 | AI71: 0.21334092 | AJ71: =BattMobility!D191+cambio!D191+Claus2you!D191+CoopStroom!D191+Cozywheels!D191+Dégage!D191+Flexigo!D191+Klimaan!D191+Moovee!D191+Poppy!D191+'Mobilize Share'!D191+Stapp.in!D191 -> 7 | AK71: =BattMobility!E191+cambio!E191+Claus2you!E191+CoopStroom!E191+Cozywheels!E191+Dégage!E191+Flexigo!E191+Klimaan!E191+Moovee!E191+Poppy!E191+'Mobilize Share'!E191+Stapp.in!E191 -> 3 | AL71: =AJ71/G71*1000 -> 0.49687677 | AM71: =AK71/G71*1000 -> 0.21294719 | AN71: =AJ71-AB71 -> 1 | AO71: =AN71/AB71 -> 0.16666667 | AP71: =BattMobility!F191+cambio!F191+Claus2you!F191+CoopStroom!F191+Cozywheels!F191+Dégage!F191+Flexigo!F191+Klimaan!F191+Moovee!F191+Poppy!F191+'Mobilize Share'!F191+Stapp.in!F191 -> 7 | AQ71: =BattMobility!G191+cambio!G191+Claus2you!G191+CoopStroom!G191+Cozywheels!G191+Dégage!G191+Flexigo!G191+Klimaan!G191+Moovee!G191+Poppy!G191+'Mobilize Share'!G191+Stapp.in!G191 -> 3 | AR71: =AP71/G71*1000 -> 0.49687677 | AS71: =AQ71/G71*1000 -> 0.21294719 | AT71: =AP71-AF71 -> 1 | AU71: 28.124 | AV71: 22.124
A72: Kruisem | B72: Oost-Vlaanderen | C72: 45068 | D72: 15876 | E72: 15952 | F72: 15961 | G72: 16006 | H72: 5 | I72: 1 | J72: 0.31494079 | K72: 4 | L72: 1 | M72: 0.25195263 | N72: 3 | O72: 3 | P72: 0.18806419 | Q72: 0.18806419 | R72: -2 | S72: -0.1268766 | T72: -1 | U72: -0.06388844 | V72: 0 | W72: 0 | X72: 3 | Y72: 3 | Z72: 0.18806419 | AA72: 0.18806419 | AB72: 5 | AC72: 5 | AD72: 0.31326358 | AE72: 0.31326358 | AF72: 9 | AG72: 8 | AH72: 0.56387444 | AI72: 0.50122173 | AJ72: =BattMobility!D135+cambio!D135+Claus2you!D135+CoopStroom!D135+Cozywheels!D135+Dégage!D135+Flexigo!D135+Klimaan!D135+Moovee!D135+Poppy!D135+'Mobilize Share'!D135+Stapp.in!D135 -> 8 | AK72: =BattMobility!E135+cambio!E135+Claus2you!E135+CoopStroom!E135+Cozywheels!E135+Dégage!E135+Flexigo!E135+Klimaan!E135+Moovee!E135+Poppy!E135+'Mobilize Share'!E135+Stapp.in!E135 -> 8 | AL72: =AJ72/G72*1000 -> 0.49981257 | AM72: =AK72/G72*1000 -> 0.49981257 | AN72: =AJ72-AB72 -> 3 | AO72: =AN72/AB72 -> 0.6 | AP72: =BattMobility!F135+cambio!F135+Claus2you!F135+CoopStroom!F135+Cozywheels!F135+Dégage!F135+Flexigo!F135+Klimaan!F135+Moovee!F135+Poppy!F135+'Mobilize Share'!F135+Stapp.in!F135 -> 7 | AQ72: =BattMobility!G135+cambio!G135+Claus2you!G135+CoopStroom!G135+Cozywheels!G135+Dégage!G135+Flexigo!G135+Klimaan!G135+Moovee!G135+Poppy!G135+'Mobilize Share'!G135+Stapp.in!G135 -> 7 | AR72: =AP72/G72*1000 -> 0.437336 | AS72: =AQ72/G72*1000 -> 0.437336 | AT72: =AP72-AF72 -> -2 | AU72: 31.922 | AV72: 22.922
A73: Edegem | B73: Antwerpen | C73: 11013 | D73: 22386 | E73: 22761 | F73: 23009 | G73: 23502 | H73: 10 | I73: 0 | J73: 0.44670776 | K73: 16 | L73: 0 | M73: 0.71473242 | N73: 21 | O73: 0 | P73: 0.92263082 | Q73: 0 | R73: 11 | S73: 0.47592305 | T73: 5 | U73: 0.20789839 | V73: 6 | W73: 0.2636088 | X73: 27 | Y73: 2 | Z73: 1.1862396 | AA73: 0.087869602 | AB73: 41 | AC73: 2 | AD73: 1.7819114 | AE73: 0.086922509 | AF73: 9 | AG73: 2 | AH73: 0.39115129 | AI73: 0.086922509 | AJ73: =BattMobility!D64+cambio!D64+Claus2you!D64+CoopStroom!D64+Cozywheels!D64+Dégage!D64+Flexigo!D64+Klimaan!D64+Moovee!D64+Poppy!D64+'Mobilize Share'!D64+Stapp.in!D64 -> 8 | AK73: =BattMobility!E64+cambio!E64+Claus2you!E64+CoopStroom!E64+Cozywheels!E64+Dégage!E64+Flexigo!E64+Klimaan!E64+Moovee!E64+Poppy!E64+'Mobilize Share'!E64+Stapp.in!E64 -> 2 | AL73: =AJ73/G73*1000 -> 0.34039656 | AM73: =AK73/G73*1000 -> 0.08509914 | AN73: =AJ73-AB73 -> -33 | AO73: =AN73/AB73 -> -0.80487805 | AP73: =BattMobility!F64+cambio!F64+Claus2you!F64+CoopStroom!F64+Cozywheels!F64+Dégage!F64+Flexigo!F64+Klimaan!F64+Moovee!F64+Poppy!F64+'Mobilize Share'!F64+Stapp.in!F64 -> 7 | AQ73: =BattMobility!G64+cambio!G64+Claus2you!G64+CoopStroom!G64+Cozywheels!G64+Dégage!G64+Flexigo!G64+Klimaan!G64+Moovee!G64+Poppy!G64+'Mobilize Share'!G64+Stapp.in!G64 -> 0 | AR73: =AP73/G73*1000 -> 0.29784699 | AS73: =AQ73/G73*1000 -> 0 | AT73: =AP73-AF73 -> -2 | AU73: 46.018 | AV73: 37.018
A74: Nijlen | B74: Antwerpen | C74: 12026 | D74: 23259 | E74: 23409 | F74: 23707 | G74: 23747 | H74: 0 | I74: 0 | J74: 0 | K74: 2 | L74: 0 | M74: 0.08598822 | N74: 2 | O74: 0 | P74: 0.085437225 | Q74: 0 | R74: 2 | S74: 0.085437225 | T74: 0 | U74: -0.00055099461 | V74: 0 | W74: 0 | X74: 6 | Y74: 2 | Z74: 0.25631167 | AA74: 0.085437225 | AB74: 6 | AC74: 2 | AD74: 0.2530898 | AE74: 0.084363268 | AF74: 6 | AG74: 3 | AH74: 0.2530898 | AI74: 0.1265449 | AJ74: =BattMobility!D187+cambio!D187+Claus2you!D187+CoopStroom!D187+Cozywheels!D187+Dégage!D187+Flexigo!D187+Klimaan!D187+Moovee!D187+Poppy!D187+'Mobilize Share'!D187+Stapp.in!D187 -> 9 | AK74: =BattMobility!E187+cambio!E187+Claus2you!E187+CoopStroom!E187+Cozywheels!E187+Dégage!E187+Flexigo!E187+Klimaan!E187+Moovee!E187+Poppy!E187+'Mobilize Share'!E187+Stapp.in!E187 -> 4 | AL74: =AJ74/G74*1000 -> 0.37899524 | AM74: =AK74/G74*1000 -> 0.16844233 | AN74: =AJ74-AB74 -> 3 | AO74: =AN74/AB74 -> 0.5 | AP74: =BattMobility!F187+cambio!F187+Claus2you!F187+CoopStroom!F187+Cozywheels!F187+Dégage!F187+Flexigo!F187+Klimaan!F187+Moovee!F187+Poppy!F187+'Mobilize Share'!F187+Stapp.in!F187 -> 7 | AQ74: =BattMobility!G187+cambio!G187+Claus2you!G187+CoopStroom!G187+Cozywheels!G187+Dégage!G187+Flexigo!G187+Klimaan!G187+Moovee!G187+Poppy!G187+'Mobilize Share'!G187+Stapp.in!G187 -> 4 | AR74: =AP74/G74*1000 -> 0.29477408 | AS74: =AQ74/G74*1000 -> 0.16844233 | AT74: =AP74-AF74 -> 1 | AU74: 47.414 | AV74: 41.414
A75: Balen | B75: Antwerpen | C75: 13003 | D75: 23000 | E75: 23308 | F75: 23523 | G75: 23777 | H75: 4 | I75: 0 | J75: 0.17391304 | K75: 2 | L75: 0 | M75: 0.086956522 | N75: 2 | O75: 0 | P75: 0.085807448 | Q75: 0 | R75: -2 | S75: -0.088105595 | T75: 0 | U75: -0.0011490737 | V75: 0 | W75: 0 | X75: 5 | Y75: 1 | Z75: 0.21451862 | AA75: 0.042903724 | AB75: 6 | AC75: 1 | AD75: 0.25506951 | AE75: 0.042511584 | AF75: 7 | AG75: 2 | AH75: 0.29758109 | AI75: 0.085023169 | AJ75: =BattMobility!D18+cambio!D18+Claus2you!D18+CoopStroom!D18+Cozywheels!D18+Dégage!D18+Flexigo!D18+Klimaan!D18+Moovee!D18+Poppy!D18+'Mobilize Share'!D18+Stapp.in!D18 -> 6 | AK75: =BattMobility!E18+cambio!E18+Claus2you!E18+CoopStroom!E18+Cozywheels!E18+Dégage!E18+Flexigo!E18+Klimaan!E18+Moovee!E18+Poppy!E18+'Mobilize Share'!E18+Stapp.in!E18 -> 2 | AL75: =AJ75/G75*1000 -> 0.2523447 | AM75: =AK75/G75*1000 -> 0.084114901 | AN75: =AJ75-AB75 -> 0 | AO75: =AN75/AB75 -> 0 | AP75: =BattMobility!F18+cambio!F18+Claus2you!F18+CoopStroom!F18+Cozywheels!F18+Dégage!F18+Flexigo!F18+Klimaan!F18+Moovee!F18+Poppy!F18+'Mobilize Share'!F18+Stapp.in!F18 -> 7 | AQ75: =BattMobility!G18+cambio!G18+Claus2you!G18+CoopStroom!G18+Cozywheels!G18+Dégage!G18+Flexigo!G18+Klimaan!G18+Moovee!G18+Poppy!G18+'Mobilize Share'!G18+Stapp.in!G18 -> 3 | AR75: =AP75/G75*1000 -> 0.29440215 | AS75: =AQ75/G75*1000 -> 0.12617235 | AT75: =AP75-AF75 -> 0 | AU75: 47.046 | AV75: 40.046
A76: Lommel | B76: Limburg | C76: 72020 | D76: 34396 | E76: 34826 | F76: 34913 | G76: 35208 | H76: 2 | I76: 0 | J76: 0.058146296 | K76: 3 | L76: 0 | M76: 0.087219444 | N76: 2 | O76: 2 | P76: 0.057428358 | Q76: 0.057428358 | R76: 0 | S76: -0.00071793796 | T76: -1 | U76: -0.029791086 | V76: 0 | W76: 0 | X76: 2 | Y76: 2 | Z76: 0.057428358 | AA76: 0.057428358 | AB76: 2 | AC76: 2 | AD76: 0.057285252 | AE76: 0.057285252 | AF76: 2 | AG76: 2 | AH76: 0.057285252 | AI76: 0.057285252 | AJ76: =BattMobility!D161+cambio!D161+Claus2you!D161+CoopStroom!D161+Cozywheels!D161+Dégage!D161+Flexigo!D161+Klimaan!D161+Moovee!D161+Poppy!D161+'Mobilize Share'!D161+Stapp.in!D161 -> 7 | AK76: =BattMobility!E161+cambio!E161+Claus2you!E161+CoopStroom!E161+Cozywheels!E161+Dégage!E161+Flexigo!E161+Klimaan!E161+Moovee!E161+Poppy!E161+'Mobilize Share'!E161+Stapp.in!E161 -> 7 | AL76: =AJ76/G76*1000 -> 0.19881845 | AM76: =AK76/G76*1000 -> 0.19881845 | AN76: =AJ76-AB76 -> 5 | AO76: =AN76/AB76 -> 2.5 | AP76: =BattMobility!F161+cambio!F161+Claus2you!F161+CoopStroom!F161+Cozywheels!F161+Dégage!F161+Flexigo!F161+Klimaan!F161+Moovee!F161+Poppy!F161+'Mobilize Share'!F161+Stapp.in!F161 -> 7 | AQ76: =BattMobility!G161+cambio!G161+Claus2you!G161+CoopStroom!G161+Cozywheels!G161+Dégage!G161+Flexigo!G161+Klimaan!G161+Moovee!G161+Poppy!G161+'Mobilize Share'!G161+Stapp.in!G161 -> 7 | AR76: =AP76/G76*1000 -> 0.19881845 | AS76: =AQ76/G76*1000 -> 0.19881845 | AT76: =AP76-AF76 -> 5 | AU76: 69.826 | AV76: 67.826
A77: Hamme | B77: Oost-Vlaanderen | C77: 42008 | D77: 25141 | E77: 25368 | F77: 25554 | G77: 25706 | H77: 2 | I77: 0 | J77: 0.07955133 | K77: 2 | L77: 0 | M77: 0.07955133 | N77: 4 | O77: 3 | P77: 0.15767897 | Q77: 0.11825922 | R77: 2 | S77: 0.078127635 | T77: 2 | U77: 0.078127635 | V77: 1 | W77: 0.039419741 | X77: 4 | Y77: 3 | Z77: 0.15767897 | AA77: 0.11825922 | AB77: 6 | AC77: 5 | AD77: 0.2347969 | AE77: 0.19566408 | AF77: 5 | AG77: 4 | AH77: 0.19566408 | AI77: 0.15653127 | AJ77: =BattMobility!D84+cambio!D84+Claus2you!D84+CoopStroom!D84+Cozywheels!D84+Dégage!D84+Flexigo!D84+Klimaan!D84+Moovee!D84+Poppy!D84+'Mobilize Share'!D84+Stapp.in!D84 -> 5 | AK77: =BattMobility!E84+cambio!E84+Claus2you!E84+CoopStroom!E84+Cozywheels!E84+Dégage!E84+Flexigo!E84+Klimaan!E84+Moovee!E84+Poppy!E84+'Mobilize Share'!E84+Stapp.in!E84 -> 4 | AL77: =AJ77/G77*1000 -> 0.19450712 | AM77: =AK77/G77*1000 -> 0.1556057 | AN77: =AJ77-AB77 -> -1 | AO77: =AN77/AB77 -> -0.16666667 | AP77: =BattMobility!F84+cambio!F84+Claus2you!F84+CoopStroom!F84+Cozywheels!F84+Dégage!F84+Flexigo!F84+Klimaan!F84+Moovee!F84+Poppy!F84+'Mobilize Share'!F84+Stapp.in!F84 -> 7 | AQ77: =BattMobility!G84+cambio!G84+Claus2you!G84+CoopStroom!G84+Cozywheels!G84+Dégage!G84+Flexigo!G84+Klimaan!G84+Moovee!G84+Poppy!G84+'Mobilize Share'!G84+Stapp.in!G84 -> 6 | AR77: =AP77/G77*1000 -> 0.27230997 | AS77: =AQ77/G77*1000 -> 0.23340854 | AT77: =AP77-AF77 -> 2 | AU77: 51.108 | AV77: 46.108
A78: Beersel | B78: Vlaams-Brabant | C78: 23003 | D78: 26013 | E78: 26474 | F78: 26505 | G78: 26593 | H78: 4 | I78: 1 | J78: 0.15376927 | K78: 1 | L78: 1 | M78: 0.038442317 | N78: 3 | O78: 3 | P78: 0.11331873 | Q78: 0.11331873 | R78: -1 | S78: -0.040450541 | T78: 2 | U78: 0.074876411 | V78: 0 | W78: 0 | X78: 3 | Y78: 2 | Z78: 0.11331873 | AA78: 0.075545819 | AB78: 5 | AC78: 4 | AD78: 0.18864365 | AE78: 0.15091492 | AF78: 7 | AG78: 6 | AH78: 0.26410111 | AI78: 0.22637238 | AJ78: =BattMobility!D21+cambio!D21+Claus2you!D21+CoopStroom!D21+Cozywheels!D21+Dégage!D21+Flexigo!D21+Klimaan!D21+Moovee!D21+Poppy!D21+'Mobilize Share'!D21+Stapp.in!D21 -> 7 | AK78: =BattMobility!E21+cambio!E21+Claus2you!E21+CoopStroom!E21+Cozywheels!E21+Dégage!E21+Flexigo!E21+Klimaan!E21+Moovee!E21+Poppy!E21+'Mobilize Share'!E21+Stapp.in!E21 -> 6 | AL78: =AJ78/G78*1000 -> 0.26322717 | AM78: =AK78/G78*1000 -> 0.22562328 | AN78: =AJ78-AB78 -> 2 | AO78: =AN78/AB78 -> 0.4 | AP78: =BattMobility!F21+cambio!F21+Claus2you!F21+CoopStroom!F21+Cozywheels!F21+Dégage!F21+Flexigo!F21+Klimaan!F21+Moovee!F21+Poppy!F21+'Mobilize Share'!F21+Stapp.in!F21 -> 7 | AQ78: =BattMobility!G21+cambio!G21+Claus2you!G21+CoopStroom!G21+Cozywheels!G21+Dégage!G21+Flexigo!G21+Klimaan!G21+Moovee!G21+Poppy!G21+'Mobilize Share'!G21+Stapp.in!G21 -> 6 | AR78: =AP78/G78*1000 -> 0.26322717 | AS78: =AQ78/G78*1000 -> 0.22562328 | AT78: =AP78-AF78 -> 0 | AU78: 53.01 | AV78: 46.01
A79: Izegem | B79: West-Vlaanderen | C79: 36008 | D79: 28845 | E79: 29013 | F79: 29227 | G79: 29427 | H79: 0 | I79: 0 | J79: 0 | K79: 2 | L79: 0 | M79: 0.069336107 | N79: 2 | O79: 0 | P79: 0.068934616 | Q79: 0 | R79: 2 | S79: 0.068934616 | T79: 0 | U79: -0.00040149126 | V79: 0 | W79: 0 | X79: 6 | Y79: 0 | Z79: 0.20680385 | AA79: 0 | AB79: 7 | AC79: 1 | AD79: 0.23950457 | AE79: 0.034214938 | AF79: 6 | AG79: 2 | AH79: 0.20528963 | AI79: 0.068429876 | AJ79: =BattMobility!D115+cambio!D115+Claus2you!D115+CoopStroom!D115+Cozywheels!D115+Dégage!D115+Flexigo!D115+Klimaan!D115+Moovee!D115+Poppy!D115+'Mobilize Share'!D115+Stapp.in!D115 -> 6 | AK79: =BattMobility!E115+cambio!E115+Claus2you!E115+CoopStroom!E115+Cozywheels!E115+Dégage!E115+Flexigo!E115+Klimaan!E115+Moovee!E115+Poppy!E115+'Mobilize Share'!E115+Stapp.in!E115 -> 2 | AL79: =AJ79/G79*1000 -> 0.20389438 | AM79: =AK79/G79*1000 -> 0.067964794 | AN79: =AJ79-AB79 -> -1 | AO79: =AN79/AB79 -> -0.14285714 | AP79: =BattMobility!F115+cambio!F115+Claus2you!F115+CoopStroom!F115+Cozywheels!F115+Dégage!F115+Flexigo!F115+Klimaan!F115+Moovee!F115+Poppy!F115+'Mobilize Share'!F115+Stapp.in!F115 -> 7 | AQ79: =BattMobility!G115+cambio!G115+Claus2you!G115+CoopStroom!G115+Cozywheels!G115+Dégage!G115+Flexigo!G115+Klimaan!G115+Moovee!G115+Poppy!G115+'Mobilize Share'!G115+Stapp.in!G115 -> 1 | AR79: =AP79/G79*1000 -> 0.23787678 | AS79: =AQ79/G79*1000 -> 0.033982397 | AT79: =AP79-AF79 -> 1 | AU79: 58.454 | AV79: 52.454
A80: Menen | B80: West-Vlaanderen | C80: 34027 | D80: 33982 | E80: 34322 | F80: 34417 | G80: 34585 | H80: 2 | I80: 0 | J80: 0.058854688 | K80: 2 | L80: 0 | M80: 0.058854688 | N80: 3 | O80: 3 | P80: 0.087407494 | Q80: 0.087407494 | R80: 1 | S80: 0.028552806 | T80: 1 | U80: 0.028552806 | V80: 0 | W80: 0 | X80: 7 | Y80: 4 | Z80: 0.20395082 | AA80: 0.11654332 | AB80: 6 | AC80: 4 | AD80: 0.17433245 | AE80: 0.11622163 | AF80: 5 | AG80: 4 | AH80: 0.14527704 | AI80: 0.11622163 | AJ80: =BattMobility!D174+cambio!D174+Claus2you!D174+CoopStroom!D174+Cozywheels!D174+Dégage!D174+Flexigo!D174+Klimaan!D174+Moovee!D174+Poppy!D174+'Mobilize Share'!D174+Stapp.in!D174 -> 7 | AK80: =BattMobility!E174+cambio!E174+Claus2you!E174+CoopStroom!E174+Cozywheels!E174+Dégage!E174+Flexigo!E174+Klimaan!E174+Moovee!E174+Poppy!E174+'Mobilize Share'!E174+Stapp.in!E174 -> 4 | AL80: =AJ80/G80*1000 -> 0.20239988 | AM80: =AK80/G80*1000 -> 0.11565708 | AN80: =AJ80-AB80 -> 1 | AO80: =AN80/AB80 -> 0.16666667 | AP80: =BattMobility!F174+cambio!F174+Claus2you!F174+CoopStroom!F174+Cozywheels!F174+Dégage!F174+Flexigo!F174+Klimaan!F174+Moovee!F174+Poppy!F174+'Mobilize Share'!F174+Stapp.in!F174 -> 7 | AQ80: =BattMobility!G174+cambio!G174+Claus2you!G174+CoopStroom!G174+Cozywheels!G174+Dégage!G174+Flexigo!G174+Klimaan!G174+Moovee!G174+Poppy!G174+'Mobilize Share'!G174+Stapp.in!G174 -> 4 | AR80: =AP80/G80*1000 -> 0.20239988 | AS80: =AQ80/G80*1000 -> 0.11565708 | AT80: =AP80-AF80 -> 2 | AU80: 68.834 | AV80: 63.834
A81: Asse | B81: Vlaams-Brabant | C81: 23002 | D81: 34494 | E81: 35191 | F81: 35755 | G81: 35882 | H81: 2 | I81: 0 | J81: 0.057981098 | K81: 0 | L81: 0 | M81: 0 | N81: 0 | O81: 0 | P81: 0 | Q81: 0 | R81: -2 | S81: -0.057981098 | T81: 0 | U81: 0 | V81: 0 | W81: 0 | X81: 0 | Y81: 0 | Z81: 0 | AA81: 0 | AB81: 4 | AC81: 0 | AD81: 0.11187247 | AE81: 0 | AF81: 6 | AG81: 2 | AH81: 0.1678087 | AI81: 0.055936233 | AJ81: =BattMobility!D14+cambio!D14+Claus2you!D14+CoopStroom!D14+Cozywheels!D14+Dégage!D14+Flexigo!D14+Klimaan!D14+Moovee!D14+Poppy!D14+'Mobilize Share'!D14+Stapp.in!D14 -> 7 | AK81: =BattMobility!E14+cambio!E14+Claus2you!E14+CoopStroom!E14+Cozywheels!E14+Dégage!E14+Flexigo!E14+Klimaan!E14+Moovee!E14+Poppy!E14+'Mobilize Share'!E14+Stapp.in!E14 -> 2 | AL81: =AJ81/G81*1000 -> 0.19508389 | AM81: =AK81/G81*1000 -> 0.055738253 | AN81: =AJ81-AB81 -> 3 | AO81: =AN81/AB81 -> 0.75 | AP81: =BattMobility!F14+cambio!F14+Claus2you!F14+CoopStroom!F14+Cozywheels!F14+Dégage!F14+Flexigo!F14+Klimaan!F14+Moovee!F14+Poppy!F14+'Mobilize Share'!F14+Stapp.in!F14 -> 7 | AQ81: =BattMobility!G14+cambio!G14+Claus2you!G14+CoopStroom!G14+Cozywheels!G14+Dégage!G14+Flexigo!G14+Klimaan!G14+Moovee!G14+Poppy!G14+'Mobilize Share'!G14+Stapp.in!G14 -> 2 | AR81: =AP81/G81*1000 -> 0.19508389 | AS81: =AQ81/G81*1000 -> 0.055738253 | AT81: =AP81-AF81 -> 1 | AU81: 71.51 | AV81: 65.51
A82: Sint-Pieters-Leeuw | B82: Vlaams-Brabant | C82: 23077 | D82: 35486 | E82: 36052 | F82: 36525 | G82: 36732 | H82: 4 | I82: 0 | J82: 0.11272051 | K82: 2 | L82: 0 | M82: 0.056360255 | N82: 0 | O82: 0 | P82: 0 | Q82: 0 | R82: -4 | S82: -0.11272051 | T82: -2 | U82: -0.056360255 | V82: 0 | W82: 0 | X82: 6 | Y82: 6 | Z82: 0.16642627 | AA82: 0.16642627 | AB82: 6 | AC82: 6 | AD82: 0.16427105 | AE82: 0.16427105 | AF82: 7 | AG82: 6 | AH82: 0.19164956 | AI82: 0.16427105 | AJ82: =BattMobility!D230+cambio!D230+Claus2you!D230+CoopStroom!D230+Cozywheels!D230+Dégage!D230+Flexigo!D230+Klimaan!D230+Moovee!D230+Poppy!D230+'Mobilize Share'!D230+Stapp.in!D230 -> 6 | AK82: =BattMobility!E230+cambio!E230+Claus2you!E230+CoopStroom!E230+Cozywheels!E230+Dégage!E230+Flexigo!E230+Klimaan!E230+Moovee!E230+Poppy!E230+'Mobilize Share'!E230+Stapp.in!E230 -> 6 | AL82: =AJ82/G82*1000 -> 0.16334531 | AM82: =AK82/G82*1000 -> 0.16334531 | AN82: =AJ82-AB82 -> 0 | AO82: =AN82/AB82 -> 0 | AP82: =BattMobility!F230+cambio!F230+Claus2you!F230+CoopStroom!F230+Cozywheels!F230+Dégage!F230+Flexigo!F230+Klimaan!F230+Moovee!F230+Poppy!F230+'Mobilize Share'!F230+Stapp.in!F230 -> 7 | AQ82: =BattMobility!G230+cambio!G230+Claus2you!G230+CoopStroom!G230+Cozywheels!G230+Dégage!G230+Flexigo!G230+Klimaan!G230+Moovee!G230+Poppy!G230+'Mobilize Share'!G230+Stapp.in!G230 -> 6 | AR82: =AP82/G82*1000 -> 0.19056953 | AS82: =AQ82/G82*1000 -> 0.16334531 | AT82: =AP82-AF82 -> 0 | AU82: 73.05 | AV82: 66.05
A83: Tongeren-Borgloon | B83: Limburg | C83: 73111 | D83: 31562 | E83: 31915 | F83: 32138 | G83: 43980 | H83: 1 | I83: 0 | J83: 0.03168367 | K83: 0 | L83: 0 | M83: 0 | N83: 0 | O83: 0 | P83: 0 | Q83: 0 | R83: -1 | S83: -0.03168367 | T83: 0 | U83: 0 | V83: 0 | W83: 0 | X83: 3 | Y83: 1 | Z83: 0.093999687 | AA83: 0.031333229 | AB83: =5+'overzicht voor jun 25'!AA38 -> 6 | AC83: 2 | AD83: 0.15557907 | AE83: 0.062231626 | AF83: 6 | AG83: 2 | AH83: 0.18669488 | AI83: 0.062231626 | AJ83: =BattMobility!D244+cambio!D244+Claus2you!D244+CoopStroom!D244+Cozywheels!D244+Dégage!D244+Flexigo!D244+Klimaan!D244+Moovee!D244+Poppy!D244+'Mobilize Share'!D244+Stapp.in!D244 -> 6 | AK83: =BattMobility!E244+cambio!E244+Claus2you!E244+CoopStroom!E244+Cozywheels!E244+Dégage!E244+Flexigo!E244+Klimaan!E244+Moovee!E244+Poppy!E244+'Mobilize Share'!E244+Stapp.in!E244 -> 2 | AL83: =AJ83/G83*1000 -> 0.13642565 | AM83: =AK83/G83*1000 -> 0.045475216 | AN83: =AJ83-AB83 -> 0 | AO83: =AN83/AB83 -> 0 | AP83: =BattMobility!F244+cambio!F244+Claus2you!F244+CoopStroom!F244+Cozywheels!F244+Dégage!F244+Flexigo!F244+Klimaan!F244+Moovee!F244+Poppy!F244+'Mobilize Share'!F244+Stapp.in!F244 -> 7 | AQ83: =BattMobility!G244+cambio!G244+Claus2you!G244+CoopStroom!G244+Cozywheels!G244+Dégage!G244+Flexigo!G244+Klimaan!G244+Moovee!G244+Poppy!G244+'Mobilize Share'!G244+Stapp.in!G244 -> 2 | AR83: =AP83/G83*1000 -> 0.15916326 | AS83: =AQ83/G83*1000 -> 0.045475216 | AT83: =AP83-AF83 -> 1 | AU83: 64.276 | AV83: 58.276
A84: Huldenberg | B84: Vlaams-Brabant | C84: 24045 | D84: 10017 | E84: 10080 | F84: 10083 | G84: 10071 | H84: 3 | I84: 0 | J84: 0.29949087 | K84: 2 | L84: 0 | M84: 0.19966058 | N84: 2 | O84: 2 | P84: 0.1984127 | Q84: 0.1984127 | R84: -1 | S84: -0.10107817 | T84: 0 | U84: -0.0012478786 | V84: 0 | W84: 0 | X84: 2 | Y84: 2 | Z84: 0.1984127 | AA84: 0.1984127 | AB84: 4 | AC84: 4 | AD84: 0.39670733 | AE84: 0.39670733 | AF84: 6 | AG84: 5 | AH84: 0.59506099 | AI84: 0.49588416 | AJ84: =BattMobility!D110+cambio!D110+Claus2you!D110+CoopStroom!D110+Cozywheels!D110+Dégage!D110+Flexigo!D110+Klimaan!D110+Moovee!D110+Poppy!D110+'Mobilize Share'!D110+Stapp.in!D110 -> 6 | AK84: =BattMobility!E110+cambio!E110+Claus2you!E110+CoopStroom!E110+Cozywheels!E110+Dégage!E110+Flexigo!E110+Klimaan!E110+Moovee!E110+Poppy!E110+'Mobilize Share'!E110+Stapp.in!E110 -> 6 | AL84: =AJ84/G84*1000 -> 0.59577003 | AM84: =AK84/G84*1000 -> 0.59577003 | AN84: =AJ84-AB84 -> 2 | AO84: =AN84/AB84 -> 0.5 | AP84: =BattMobility!F110+cambio!F110+Claus2you!F110+CoopStroom!F110+Cozywheels!F110+Dégage!F110+Flexigo!F110+Klimaan!F110+Moovee!F110+Poppy!F110+'Mobilize Share'!F110+Stapp.in!F110 -> 6 | AQ84: =BattMobility!G110+cambio!G110+Claus2you!G110+CoopStroom!G110+Cozywheels!G110+Dégage!G110+Flexigo!G110+Klimaan!G110+Moovee!G110+Poppy!G110+'Mobilize Share'!G110+Stapp.in!G110 -> 6 | AR84: =AP84/G84*1000 -> 0.59577003 | AS84: =AQ84/G84*1000 -> 0.59577003 | AT84: =AP84-AF84 -> 0 | AU84: 20.166 | AV84: 14.166
A85: De Panne | B85: West-Vlaanderen | C85: 38008 | D85: 11122 | E85: 11089 | F85: 11021 | G85: 10874 | H85: 2 | I85: 0 | J85: 0.17982377 | K85: 1 | L85: 0 | M85: 0.089911886 | N85: 1 | O85: 0 | P85: 0.090179457 | Q85: 0 | R85: -1 | S85: -0.089644316 | T85: 0 | U85: 0.00026757077 | V85: 1 | W85: 0.090179457 | X85: 2 | Y85: 1 | Z85: 0.18035891 | AA85: 0.090179457 | AB85: 3 | AC85: 1 | AD85: 0.2722076 | AE85: 0.090735868 | AF85: 4 | AG85: 2 | AH85: 0.36294347 | AI85: 0.18147174 | AJ85: =BattMobility!D49+cambio!D49+Claus2you!D49+CoopStroom!D49+Cozywheels!D49+Dégage!D49+Flexigo!D49+Klimaan!D49+Moovee!D49+Poppy!D49+'Mobilize Share'!D49+Stapp.in!D49 -> 4 | AK85: =BattMobility!E49+cambio!E49+Claus2you!E49+CoopStroom!E49+Cozywheels!E49+Dégage!E49+Flexigo!E49+Klimaan!E49+Moovee!E49+Poppy!E49+'Mobilize Share'!E49+Stapp.in!E49 -> 2 | AL85: =AJ85/G85*1000 -> 0.36784992 | AM85: =AK85/G85*1000 -> 0.18392496 | AN85: =AJ85-AB85 -> 1 | AO85: =AN85/AB85 -> 0.33333333 | AP85: =BattMobility!F49+cambio!F49+Claus2you!F49+CoopStroom!F49+Cozywheels!F49+Dégage!F49+Flexigo!F49+Klimaan!F49+Moovee!F49+Poppy!F49+'Mobilize Share'!F49+Stapp.in!F49 -> 6 | AQ85: =BattMobility!G49+cambio!G49+Claus2you!G49+CoopStroom!G49+Cozywheels!G49+Dégage!G49+Flexigo!G49+Klimaan!G49+Moovee!G49+Poppy!G49+'Mobilize Share'!G49+Stapp.in!G49 -> 4 | AR85: =AP85/G85*1000 -> 0.55177488 | AS85: =AQ85/G85*1000 -> 0.36784992 | AT85: =AP85-AF85 -> 2 | AU85: 22.042 | AV85: 18.042
A86: Berlaar | B86: Antwerpen | C86: 12002 | D86: 11730 | E86: 11949 | F86: 12061 | G86: 12115 | H86: 1 | I86: 0 | J86: 0.085251492 | K86: 1 | L86: 0 | M86: 0.085251492 | N86: 1 | O86: 0 | P86: 0.083689012 | Q86: 0 | R86: 0 | S86: -0.0015624803 | T86: 0 | U86: -0.0015624803 | V86: 1 | W86: 0.083689012 | X86: 2 | Y86: 0 | Z86: 0.16737802 | AA86: 0 | AB86: 4 | AC86: 2 | AD86: 0.33164746 | AE86: 0.16582373 | AF86: 4 | AG86: 2 | AH86: 0.33164746 | AI86: 0.16582373 | AJ86: =BattMobility!D25+cambio!D25+Claus2you!D25+CoopStroom!D25+Cozywheels!D25+Dégage!D25+Flexigo!D25+Klimaan!D25+Moovee!D25+Poppy!D25+'Mobilize Share'!D25+Stapp.in!D25 -> 6 | AK86: =BattMobility!E25+cambio!E25+Claus2you!E25+CoopStroom!E25+Cozywheels!E25+Dégage!E25+Flexigo!E25+Klimaan!E25+Moovee!E25+Poppy!E25+'Mobilize Share'!E25+Stapp.in!E25 -> 3 | AL86: =AJ86/G86*1000 -> 0.49525382 | AM86: =AK86/G86*1000 -> 0.24762691 | AN86: =AJ86-AB86 -> 2 | AO86: =AN86/AB86 -> 0.5 | AP86: =BattMobility!F25+cambio!F25+Claus2you!F25+CoopStroom!F25+Cozywheels!F25+Dégage!F25+Flexigo!F25+Klimaan!F25+Moovee!F25+Poppy!F25+'Mobilize Share'!F25+Stapp.in!F25 -> 6 | AQ86: =BattMobility!G25+cambio!G25+Claus2you!G25+CoopStroom!G25+Cozywheels!G25+Dégage!G25+Flexigo!G25+Klimaan!G25+Moovee!G25+Poppy!G25+'Mobilize Share'!G25+Stapp.in!G25 -> 3 | AR86: =AP86/G86*1000 -> 0.49525382 | AS86: =AQ86/G86*1000 -> 0.24762691 | AT86: =AP86-AF86 -> 2 | AU86: 24.122 | AV86: 20.122
A87: Zonnebeke | B87: West-Vlaanderen | C87: 33037 | D87: 12556 | E87: 12658 | F87: 12705 | G87: 12769 | H87: 4 | I87: 0 | J87: 0.31857279 | K87: 4 | L87: 0 | M87: 0.31857279 | N87: 5 | O87: 1 | P87: 0.39500711 | Q87: 0.079001422 | R87: 1 | S87: 0.076434316 | T87: 1 | U87: 0.076434316 | V87: 0 | W87: 0 | X87: 5 | Y87: 1 | Z87: 0.39500711 | AA87: 0.079001422 | AB87: 6 | AC87: 1 | AD87: 0.47225502 | AE87: 0.07870917 | AF87: 6 | AG87: 1 | AH87: 0.47225502 | AI87: 0.07870917 | AJ87: =BattMobility!D279+cambio!D279+Claus2you!D279+CoopStroom!D279+Cozywheels!D279+Dégage!D279+Flexigo!D279+Klimaan!D279+Moovee!D279+Poppy!D279+'Mobilize Share'!D279+Stapp.in!D279 -> 6 | AK87: =BattMobility!E279+cambio!E279+Claus2you!E279+CoopStroom!E279+Cozywheels!E279+Dégage!E279+Flexigo!E279+Klimaan!E279+Moovee!E279+Poppy!E279+'Mobilize Share'!E279+Stapp.in!E279 -> 1 | AL87: =AJ87/G87*1000 -> 0.46988801 | AM87: =AK87/G87*1000 -> 0.078314668 | AN87: =AJ87-AB87 -> 0 | AO87: =AN87/AB87 -> 0 | AP87: =BattMobility!F279+cambio!F279+Claus2you!F279+CoopStroom!F279+Cozywheels!F279+Dégage!F279+Flexigo!F279+Klimaan!F279+Moovee!F279+Poppy!F279+'Mobilize Share'!F279+Stapp.in!F279 -> 6 | AQ87: =BattMobility!G279+cambio!G279+Claus2you!G279+CoopStroom!G279+Cozywheels!G279+Dégage!G279+Flexigo!G279+Klimaan!G279+Moovee!G279+Poppy!G279+'Mobilize Share'!G279+Stapp.in!G279 -> 1 | AR87: =AP87/G87*1000 -> 0.46988801 | AS87: =AQ87/G87*1000 -> 0.078314668 | AT87: =AP87-AF87 -> 0 | AU87: 25.41 | AV87: 19.41
A88: Kortemark | B88: West-Vlaanderen | C88: 32011 | D88: 12803 | E88: 12873 | F88: 12815 | G88: 12882 | H88: 1 | I88: 0 | J88: 0.078106694 | K88: 1 | L88: 0 | M88: 0.078106694 | N88: 1 | O88: 0 | P88: 0.07768197 | Q88: 0 | R88: 0 | S88: -0.00042472373 | T88: 0 | U88: -0.00042472373 | V88: 1 | W88: 0.07768197 | X88: 1 | Y88: 0 | Z88: 0.07768197 | AA88: 0 | AB88: 3 | AC88: 0 | AD88: 0.23410066 | AE88: 0 | AF88: 4 | AG88: 1 | AH88: 0.31213422 | AI88: 0.078033554 | AJ88: =BattMobility!D130+cambio!D130+Claus2you!D130+CoopStroom!D130+Cozywheels!D130+Dégage!D130+Flexigo!D130+Klimaan!D130+Moovee!D130+Poppy!D130+'Mobilize Share'!D130+Stapp.in!D130 -> 4 | AK88: =BattMobility!E130+cambio!E130+Claus2you!E130+CoopStroom!E130+Cozywheels!E130+Dégage!E130+Flexigo!E130+Klimaan!E130+Moovee!E130+Poppy!E130+'Mobilize Share'!E130+Stapp.in!E130 -> 1 | AL88: =AJ88/G88*1000 -> 0.31051079 | AM88: =AK88/G88*1000 -> 0.077627698 | AN88: =AJ88-AB88 -> 1 | AO88: =AN88/AB88 -> 0.33333333 | AP88: =BattMobility!F130+cambio!F130+Claus2you!F130+CoopStroom!F130+Cozywheels!F130+Dégage!F130+Flexigo!F130+Klimaan!F130+Moovee!F130+Poppy!F130+'Mobilize Share'!F130+Stapp.in!F130 -> 6 | AQ88: =BattMobility!G130+cambio!G130+Claus2you!G130+CoopStroom!G130+Cozywheels!G130+Dégage!G130+Flexigo!G130+Klimaan!G130+Moovee!G130+Poppy!G130+'Mobilize Share'!G130+Stapp.in!G130 -> 2 | AR88: =AP88/G88*1000 -> 0.46576619 | AS88: =AQ88/G88*1000 -> 0.1552554 | AT88: =AP88-AF88 -> 2 | AU88: 25.63 | AV88: 21.63
A89: Lubbeek | B89: Vlaams-Brabant | C89: 24066 | D89: 14776 | E89: 14911 | F89: 15124 | G89: 15236 | H89: 1 | I89: 0 | J89: 0.067677315 | K89: 0 | L89: 0 | M89: 0 | N89: 0 | O89: 0 | P89: 0 | Q89: 0 | R89: -1 | S89: -0.067677315 | T89: 0 | U89: 0 | V89: 0 | W89: 0 | X89: 1 | Y89: 0 | Z89: 0.067064583 | AA89: 0 | AB89: 3 | AC89: 1 | AD89: 0.19836022 | AE89: 0.066120074 | AF89: 5 | AG89: 3 | AH89: 0.33060037 | AI89: 0.19836022 | AJ89: =BattMobility!D163+cambio!D163+Claus2you!D163+CoopStroom!D163+Cozywheels!D163+Dégage!D163+Flexigo!D163+Klimaan!D163+Moovee!D163+Poppy!D163+'Mobilize Share'!D163+Stapp.in!D163 -> 5 | AK89: =BattMobility!E163+cambio!E163+Claus2you!E163+CoopStroom!E163+Cozywheels!E163+Dégage!E163+Flexigo!E163+Klimaan!E163+Moovee!E163+Poppy!E163+'Mobilize Share'!E163+Stapp.in!E163 -> 3 | AL89: =AJ89/G89*1000 -> 0.32817012 | AM89: =AK89/G89*1000 -> 0.19690207 | AN89: =AJ89-AB89 -> 2 | AO89: =AN89/AB89 -> 0.66666667 | AP89: =BattMobility!F163+cambio!F163+Claus2you!F163+CoopStroom!F163+Cozywheels!F163+Dégage!F163+Flexigo!F163+Klimaan!F163+Moovee!F163+Poppy!F163+'Mobilize Share'!F163+Stapp.in!F163 -> 6 | AQ89: =BattMobility!G163+cambio!G163+Claus2you!G163+CoopStroom!G163+Cozywheels!G163+Dégage!G163+Flexigo!G163+Klimaan!G163+Moovee!G163+Poppy!G163+'Mobilize Share'!G163+Stapp.in!G163 -> 3 | AR89: =AP89/G89*1000 -> 0.39380415 | AS89: =AQ89/G89*1000 -> 0.19690207 | AT89: =AP89-AF89 -> 1 | AU89: 30.248 | AV89: 25.248
A90: Duffel | B90: Antwerpen | C90: 12009 | D90: 17770 | E90: 17982 | F90: 18062 | G90: 18100 | H90: 4 | I90: 0 | J90: 0.22509848 | K90: 4 | L90: 0 | M90: 0.22509848 | N90: 3 | O90: 0 | P90: 0.1668335 | Q90: 0 | R90: -1 | S90: -0.05826498 | T90: -1 | U90: -0.05826498 | V90: 3 | W90: 0.1668335 | X90: 5 | Y90: 0 | Z90: 0.27805583 | AA90: 0 | AB90: 7 | AC90: 3 | AD90: 0.38755398 | AE90: 0.16609456 | AF90: 4 | AG90: 3 | AH90: 0.22145942 | AI90: 0.16609456 | AJ90: =BattMobility!D63+cambio!D63+Claus2you!D63+CoopStroom!D63+Cozywheels!D63+Dégage!D63+Flexigo!D63+Klimaan!D63+Moovee!D63+Poppy!D63+'Mobilize Share'!D63+Stapp.in!D63 -> 4 | AK90: =BattMobility!E63+cambio!E63+Claus2you!E63+CoopStroom!E63+Cozywheels!E63+Dégage!E63+Flexigo!E63+Klimaan!E63+Moovee!E63+Poppy!E63+'Mobilize Share'!E63+Stapp.in!E63 -> 3 | AL90: =AJ90/G90*1000 -> 0.22099448 | AM90: =AK90/G90*1000 -> 0.16574586 | AN90: =AJ90-AB90 -> -3 | AO90: =AN90/AB90 -> -0.42857143 | AP90: =BattMobility!F63+cambio!F63+Claus2you!F63+CoopStroom!F63+Cozywheels!F63+Dégage!F63+Flexigo!F63+Klimaan!F63+Moovee!F63+Poppy!F63+'Mobilize Share'!F63+Stapp.in!F63 -> 6 | AQ90: =BattMobility!G63+cambio!G63+Claus2you!G63+CoopStroom!G63+Cozywheels!G63+Dégage!G63+Flexigo!G63+Klimaan!G63+Moovee!G63+Poppy!G63+'Mobilize Share'!G63+Stapp.in!G63 -> 5 | AR90: =AP90/G90*1000 -> 0.33149171 | AS90: =AQ90/G90*1000 -> 0.27624309 | AT90: =AP90-AF90 -> 2 | AU90: 36.124 | AV90: 32.124
A91: Ronse | B91: Oost-Vlaanderen | C91: 45041 | D91: 26702 | E91: 27075 | F91: 27356 | G91: 27577 | H91: 3 | I91: 0 | J91: 0.11235113 | K91: 2 | L91: 0 | M91: 0.074900756 | N91: 2 | O91: 2 | P91: 0.073868883 | Q91: 0.073868883 | R91: -1 | S91: -0.038482252 | T91: 0 | U91: -0.0010318738 | V91: 0 | W91: 0 | X91: 4 | Y91: 3 | Z91: 0.14773777 | AA91: 0.11080332 | AB91: 5 | AC91: 4 | AD91: 0.18277526 | AE91: 0.14622021 | AF91: 5 | AG91: 4 | AH91: 0.18277526 | AI91: 0.14622021 | AJ91: =BattMobility!D215+cambio!D215+Claus2you!D215+CoopStroom!D215+Cozywheels!D215+Dégage!D215+Flexigo!D215+Klimaan!D215+Moovee!D215+Poppy!D215+'Mobilize Share'!D215+Stapp.in!D215 -> 4 | AK91: =BattMobility!E215+cambio!E215+Claus2you!E215+CoopStroom!E215+Cozywheels!E215+Dégage!E215+Flexigo!E215+Klimaan!E215+Moovee!E215+Poppy!E215+'Mobilize Share'!E215+Stapp.in!E215 -> 4 | AL91: =AJ91/G91*1000 -> 0.14504841 | AM91: =AK91/G91*1000 -> 0.14504841 | AN91: =AJ91-AB91 -> -1 | AO91: =AN91/AB91 -> -0.2 | AP91: =BattMobility!F215+cambio!F215+Claus2you!F215+CoopStroom!F215+Cozywheels!F215+Dégage!F215+Flexigo!F215+Klimaan!F215+Moovee!F215+Poppy!F215+'Mobilize Share'!F215+Stapp.in!F215 -> 6 | AQ91: =BattMobility!G215+cambio!G215+Claus2you!G215+CoopStroom!G215+Cozywheels!G215+Dégage!G215+Flexigo!G215+Klimaan!G215+Moovee!G215+Poppy!G215+'Mobilize Share'!G215+Stapp.in!G215 -> 5 | AR91: =AP91/G91*1000 -> 0.21757261 | AS91: =AQ91/G91*1000 -> 0.18131051 | AT91: =AP91-AF91 -> 1 | AU91: 54.712 | AV91: 49.712
A92: Willebroek | B92: Antwerpen | C92: 12040 | D92: 27436 | E92: 27773 | F92: 28248 | G92: 28620 | H92: 0 | I92: 0 | J92: 0 | K92: 0 | L92: 0 | M92: 0 | N92: 0 | O92: 0 | P92: 0 | Q92: 0 | R92: 0 | S92: 0 | T92: 0 | U92: 0 | V92: 0 | W92: 0 | X92: 2 | Y92: 2 | Z92: 0.072012386 | AA92: 0.072012386 | AB92: 2 | AC92: 2 | AD92: 0.070801473 | AE92: 0.070801473 | AF92: 2 | AG92: 2 | AH92: 0.070801473 | AI92: 0.070801473 | AJ92: =BattMobility!D266+cambio!D266+Claus2you!D266+CoopStroom!D266+Cozywheels!D266+Dégage!D266+Flexigo!D266+Klimaan!D266+Moovee!D266+Poppy!D266+'Mobilize Share'!D266+Stapp.in!D266 -> 3 | AK92: =BattMobility!E266+cambio!E266+Claus2you!E266+CoopStroom!E266+Cozywheels!E266+Dégage!E266+Flexigo!E266+Klimaan!E266+Moovee!E266+Poppy!E266+'Mobilize Share'!E266+Stapp.in!E266 -> 2 | AL92: =AJ92/G92*1000 -> 0.1048218 | AM92: =AK92/G92*1000 -> 0.069881202 | AN92: =AJ92-AB92 -> 1 | AO92: =AN92/AB92 -> 0.5 | AP92: =BattMobility!F266+cambio!F266+Claus2you!F266+CoopStroom!F266+Cozywheels!F266+Dégage!F266+Flexigo!F266+Klimaan!F266+Moovee!F266+Poppy!F266+'Mobilize Share'!F266+Stapp.in!F266 -> 6 | AQ92: =BattMobility!G266+cambio!G266+Claus2you!G266+CoopStroom!G266+Cozywheels!G266+Dégage!G266+Flexigo!G266+Klimaan!G266+Moovee!G266+Poppy!G266+'Mobilize Share'!G266+Stapp.in!G266 -> 5 | AR92: =AP92/G92*1000 -> 0.20964361 | AS92: =AQ92/G92*1000 -> 0.174703 | AT92: =AP92-AF92 -> 4 | AU92: 56.496 | AV92: 54.496
A93: Wevelgem | B93: West-Vlaanderen | C93: 34041 | D93: 31565 | E93: 31795 | F93: 31884 | G93: 31940 | H93: 5 | I93: 0 | J93: 0.15840329 | K93: 5 | L93: 0 | M93: 0.15840329 | N93: 5 | O93: 5 | P93: 0.15725743 | Q93: 0.15725743 | R93: 0 | S93: -0.0011458644 | T93: 0 | U93: -0.0011458644 | V93: 0 | W93: 0 | X93: 5 | Y93: 5 | Z93: 0.15725743 | AA93: 0.15725743 | AB93: 5 | AC93: 5 | AD93: 0.15681847 | AE93: 0.15681847 | AF93: 6 | AG93: 6 | AH93: 0.18818216 | AI93: 0.18818216 | AJ93: =BattMobility!D261+cambio!D261+Claus2you!D261+CoopStroom!D261+Cozywheels!D261+Dégage!D261+Flexigo!D261+Klimaan!D261+Moovee!D261+Poppy!D261+'Mobilize Share'!D261+Stapp.in!D261 -> 6 | AK93: =BattMobility!E261+cambio!E261+Claus2you!E261+CoopStroom!E261+Cozywheels!E261+Dégage!E261+Flexigo!E261+Klimaan!E261+Moovee!E261+Poppy!E261+'Mobilize Share'!E261+Stapp.in!E261 -> 6 | AL93: =AJ93/G93*1000 -> 0.18785222 | AM93: =AK93/G93*1000 -> 0.18785222 | AN93: =AJ93-AB93 -> 1 | AO93: =AN93/AB93 -> 0.2 | AP93: =BattMobility!F261+cambio!F261+Claus2you!F261+CoopStroom!F261+Cozywheels!F261+Dégage!F261+Flexigo!F261+Klimaan!F261+Moovee!F261+Poppy!F261+'Mobilize Share'!F261+Stapp.in!F261 -> 6 | AQ93: =BattMobility!G261+cambio!G261+Claus2you!G261+CoopStroom!G261+Cozywheels!G261+Dégage!G261+Flexigo!G261+Klimaan!G261+Moovee!G261+Poppy!G261+'Mobilize Share'!G261+Stapp.in!G261 -> 6 | AR93: =AP93/G93*1000 -> 0.18785222 | AS93: =AQ93/G93*1000 -> 0.18785222 | AT93: =AP93-AF93 -> 0 | AU93: 63.768 | AV93: 57.768
A94: Geraardsbergen | B94: Oost-Vlaanderen | C94: 41018 | D94: 34328 | E94: 34724 | F94: 34999 | G94: 35236 | H94: 2 | I94: 0 | J94: 0.058261478 | K94: 2 | L94: 0 | M94: 0.058261478 | N94: 5 | O94: 4 | P94: 0.14399263 | Q94: 0.1151941 | R94: 3 | S94: 0.08573115 | T94: 3 | U94: 0.08573115 | V94: 1 | W94: 0.028798526 | X94: 4 | Y94: 4 | Z94: 0.1151941 | AA94: 0.1151941 | AB94: 5 | AC94: 5 | AD94: 0.14286122 | AE94: 0.14286122 | AF94: 5 | AG94: 5 | AH94: 0.14286122 | AI94: 0.14286122 | AJ94: =BattMobility!D74+cambio!D74+Claus2you!D74+CoopStroom!D74+Cozywheels!D74+Dégage!D74+Flexigo!D74+Klimaan!D74+Moovee!D74+Poppy!D74+'Mobilize Share'!D74+Stapp.in!D74 -> 6 | AK94: =BattMobility!E74+cambio!E74+Claus2you!E74+CoopStroom!E74+Cozywheels!E74+Dégage!E74+Flexigo!E74+Klimaan!E74+Moovee!E74+Poppy!E74+'Mobilize Share'!E74+Stapp.in!E74 -> 6 | AL94: =AJ94/G94*1000 -> 0.1702804 | AM94: =AK94/G94*1000 -> 0.1702804 | AN94: =AJ94-AB94 -> 1 | AO94: =AN94/AB94 -> 0.2 | AP94: =BattMobility!F74+cambio!F74+Claus2you!F74+CoopStroom!F74+Cozywheels!F74+Dégage!F74+Flexigo!F74+Klimaan!F74+Moovee!F74+Poppy!F74+'Mobilize Share'!F74+Stapp.in!F74 -> 6 | AQ94: =BattMobility!G74+cambio!G74+Claus2you!G74+CoopStroom!G74+Cozywheels!G74+Dégage!G74+Flexigo!G74+Klimaan!G74+Moovee!G74+Poppy!G74+'Mobilize Share'!G74+Stapp.in!G74 -> 6 | AR94: =AP94/G94*1000 -> 0.1702804 | AS94: =AQ94/G94*1000 -> 0.1702804 | AT94: =AP94-AF94 -> 1 | AU94: 69.998 | AV94: 64.998
A95: Mol | B95: Antwerpen | C95: 13025 | D95: 37600 | E95: 38159 | F95: 38534 | G95: 38701 | H95: 2 | I95: 0 | J95: 0.053191489 | K95: 1 | L95: 0 | M95: 0.026595745 | N95: 1 | O95: 0 | P95: 0.026206137 | Q95: 0 | R95: -1 | S95: -0.026985352 | T95: 0 | U95: -0.0003896072 | V95: 1 | W95: 0.026206137 | X95: 4 | Y95: 2 | Z95: 0.10482455 | AA95: 0.052412275 | AB95: 4 | AC95: 2 | AD95: 0.10380443 | AE95: 0.051902216 | AF95: 4 | AG95: 2 | AH95: 0.10380443 | AI95: 0.051902216 | AJ95: =BattMobility!D180+cambio!D180+Claus2you!D180+CoopStroom!D180+Cozywheels!D180+Dégage!D180+Flexigo!D180+Klimaan!D180+Moovee!D180+Poppy!D180+'Mobilize Share'!D180+Stapp.in!D180 -> 6 | AK95: =BattMobility!E180+cambio!E180+Claus2you!E180+CoopStroom!E180+Cozywheels!E180+Dégage!E180+Flexigo!E180+Klimaan!E180+Moovee!E180+Poppy!E180+'Mobilize Share'!E180+Stapp.in!E180 -> 4 | AL95: =AJ95/G95*1000 -> 0.15503475 | AM95: =AK95/G95*1000 -> 0.1033565 | AN95: =AJ95-AB95 -> 2 | AO95: =AN95/AB95 -> 0.5 | AP95: =BattMobility!F180+cambio!F180+Claus2you!F180+CoopStroom!F180+Cozywheels!F180+Dégage!F180+Flexigo!F180+Klimaan!F180+Moovee!F180+Poppy!F180+'Mobilize Share'!F180+Stapp.in!F180 -> 6 | AQ95: =BattMobility!G180+cambio!G180+Claus2you!G180+CoopStroom!G180+Cozywheels!G180+Dégage!G180+Flexigo!G180+Klimaan!G180+Moovee!G180+Poppy!G180+'Mobilize Share'!G180+Stapp.in!G180 -> 4 | AR95: =AP95/G95*1000 -> 0.15503475 | AS95: =AQ95/G95*1000 -> 0.1033565 | AT95: =AP95-AF95 -> 2 | AU95: 77.068 | AV95: 73.068
A96: Waregem | B96: West-Vlaanderen | C96: 34040 | D96: 38948 | E96: 39488 | F96: 39997 | G96: 40436 | H96: 3 | I96: 0 | J96: 0.077025778 | K96: 3 | L96: 0 | M96: 0.077025778 | N96: 4 | O96: 3 | P96: 0.1012966 | Q96: 0.075972447 | R96: 1 | S96: 0.024270818 | T96: 1 | U96: 0.024270818 | V96: 1 | W96: 0.025324149 | X96: 6 | Y96: 4 | Z96: 0.15194489 | AA96: 0.1012966 | AB96: 6 | AC96: 3 | AD96: 0.15001125 | AE96: 0.075005625 | AF96: 7 | AG96: 4 | AH96: 0.17501313 | AI96: 0.1000075 | AJ96: =BattMobility!D255+cambio!D255+Claus2you!D255+CoopStroom!D255+Cozywheels!D255+Dégage!D255+Flexigo!D255+Klimaan!D255+Moovee!D255+Poppy!D255+'Mobilize Share'!D255+Stapp.in!D255 -> 7 | AK96: =BattMobility!E255+cambio!E255+Claus2you!E255+CoopStroom!E255+Cozywheels!E255+Dégage!E255+Flexigo!E255+Klimaan!E255+Moovee!E255+Poppy!E255+'Mobilize Share'!E255+Stapp.in!E255 -> 4 | AL96: =AJ96/G96*1000 -> 0.17311307 | AM96: =AK96/G96*1000 -> 0.098921753 | AN96: =AJ96-AB96 -> 1 | AO96: =AN96/AB96 -> 0.16666667 | AP96: =BattMobility!F255+cambio!F255+Claus2you!F255+CoopStroom!F255+Cozywheels!F255+Dégage!F255+Flexigo!F255+Klimaan!F255+Moovee!F255+Poppy!F255+'Mobilize Share'!F255+Stapp.in!F255 -> 6 | AQ96: =BattMobility!G255+cambio!G255+Claus2you!G255+CoopStroom!G255+Cozywheels!G255+Dégage!G255+Flexigo!G255+Klimaan!G255+Moovee!G255+Poppy!G255+'Mobilize Share'!G255+Stapp.in!G255 -> 3 | AR96: =AP96/G96*1000 -> 0.14838263 | AS96: =AQ96/G96*1000 -> 0.074191315 | AT96: =AP96-AF96 -> -1 | AU96: 79.994 | AV96: 72.994
A97: Tessenderlo-Ham | B97: Limburg | C97: 71071 | D97: 18884 | E97: 18838 | F97: 19011 | G97: 30645 | H97: 2 | I97: 0 | J97: 0.10590976 | K97: 2 | L97: 0 | M97: 0.10590976 | N97: 3 | O97: 0 | P97: 0.15925257 | Q97: 0 | R97: 1 | S97: 0.05334281 | T97: 1 | U97: 0.05334281 | V97: 0 | W97: 0 | X97: 3 | Y97: 0 | Z97: 0.15925257 | AA97: 0 | AB97: =4+'overzicht voor jun 25'!AA89 -> 6 | AC97: 0 | AD97: 0.2104045 | AE97: 0 | AF97: 4 | AG97: 0 | AH97: 0.2104045 | AI97: 0 | AJ97: =BattMobility!D240+cambio!D240+Claus2you!D240+CoopStroom!D240+Cozywheels!D240+Dégage!D240+Flexigo!D240+Klimaan!D240+Moovee!D240+Poppy!D240+'Mobilize Share'!D240+Stapp.in!D240 -> 6 | AK97: =BattMobility!E240+cambio!E240+Claus2you!E240+CoopStroom!E240+Cozywheels!E240+Dégage!E240+Flexigo!E240+Klimaan!E240+Moovee!E240+Poppy!E240+'Mobilize Share'!E240+Stapp.in!E240 -> 0 | AL97: =AJ97/G97*1000 -> 0.1957905 | AM97: =AK97/G97*1000 -> 0 | AN97: =AJ97-AB97 -> 0 | AO97: =AN97/AB97 -> 0 | AP97: =BattMobility!F240+cambio!F240+Claus2you!F240+CoopStroom!F240+Cozywheels!F240+Dégage!F240+Flexigo!F240+Klimaan!F240+Moovee!F240+Poppy!F240+'Mobilize Share'!F240+Stapp.in!F240 -> 6 | AQ97: =BattMobility!G240+cambio!G240+Claus2you!G240+CoopStroom!G240+Cozywheels!G240+Dégage!G240+Flexigo!G240+Klimaan!G240+Moovee!G240+Poppy!G240+'Mobilize Share'!G240+Stapp.in!G240 -> 0 | AR97: =AP97/G97*1000 -> 0.1957905 | AS97: =AQ97/G97*1000 -> 0 | AT97: =AP97-AF97 -> 2 | AU97: 38.022 | AV97: 34.022
A98: Sint-Martens-Latem | B98: Oost-Vlaanderen | C98: 44064 | D98: 8263 | E98: 8257 | F98: 8208 | G98: 8149 | H98: 0 | I98: 0 | J98: 0 | K98: 1 | L98: 0 | M98: 0.12102142 | N98: 5 | O98: 5 | P98: 0.60554681 | Q98: 0.60554681 | R98: 5 | S98: 0.60554681 | T98: 4 | U98: 0.48452539 | V98: 0 | W98: 0 | X98: 1 | Y98: 1 | Z98: 0.12110936 | AA98: 0.12110936 | AB98: 5 | AC98: 5 | AD98: 0.60916179 | AE98: 0.60916179 | AF98: 6 | AG98: 6 | AH98: 0.73099415 | AI98: 0.73099415 | AJ98: =BattMobility!D228+cambio!D228+Claus2you!D228+CoopStroom!D228+Cozywheels!D228+Dégage!D228+Flexigo!D228+Klimaan!D228+Moovee!D228+Poppy!D228+'Mobilize Share'!D228+Stapp.in!D228 -> 6 | AK98: =BattMobility!E228+cambio!E228+Claus2you!E228+CoopStroom!E228+Cozywheels!E228+Dégage!E228+Flexigo!E228+Klimaan!E228+Moovee!E228+Poppy!E228+'Mobilize Share'!E228+Stapp.in!E228 -> 6 | AL98: =AJ98/G98*1000 -> 0.73628666 | AM98: =AK98/G98*1000 -> 0.73628666 | AN98: =AJ98-AB98 -> 1 | AO98: =AN98/AB98 -> 0.2 | AP98: =BattMobility!F228+cambio!F228+Claus2you!F228+CoopStroom!F228+Cozywheels!F228+Dégage!F228+Flexigo!F228+Klimaan!F228+Moovee!F228+Poppy!F228+'Mobilize Share'!F228+Stapp.in!F228 -> 5 | AQ98: =BattMobility!G228+cambio!G228+Claus2you!G228+CoopStroom!G228+Cozywheels!G228+Dégage!G228+Flexigo!G228+Klimaan!G228+Moovee!G228+Poppy!G228+'Mobilize Share'!G228+Stapp.in!G228 -> 5 | AR98: =AP98/G98*1000 -> 0.61357222 | AS98: =AQ98/G98*1000 -> 0.61357222 | AT98: =AP98-AF98 -> -1 | AU98: 16.416 | AV98: 10.416
A99: Zwalm | B99: Oost-Vlaanderen | C99: 45065 | D99: 8244 | E99: 8320 | F99: 8340 | G99: 8348 | H99: 2 | I99: 0 | J99: 0.24260068 | K99: 1 | L99: 0 | M99: 0.12130034 | N99: 1 | O99: 0 | P99: 0.12019231 | Q99: 0 | R99: -1 | S99: -0.12240837 | T99: 0 | U99: -0.0011080319 | V99: 1 | W99: 0.12019231 | X99: 3 | Y99: 0 | Z99: 0.36057692 | AA99: 0 | AB99: 5 | AC99: 2 | AD99: 0.59952038 | AE99: 0.23980815 | AF99: 6 | AG99: 3 | AH99: 0.71942446 | AI99: 0.35971223 | AJ99: =BattMobility!D285+cambio!D285+Claus2you!D285+CoopStroom!D285+Cozywheels!D285+Dégage!D285+Flexigo!D285+Klimaan!D285+Moovee!D285+Poppy!D285+'Mobilize Share'!D285+Stapp.in!D285 -> 5 | AK99: =BattMobility!E285+cambio!E285+Claus2you!E285+CoopStroom!E285+Cozywheels!E285+Dégage!E285+Flexigo!E285+Klimaan!E285+Moovee!E285+Poppy!E285+'Mobilize Share'!E285+Stapp.in!E285 -> 2 | AL99: =AJ99/G99*1000 -> 0.59894586 | AM99: =AK99/G99*1000 -> 0.23957834 | AN99: =AJ99-AB99 -> 0 | AO99: =AN99/AB99 -> 0 | AP99: =BattMobility!F285+cambio!F285+Claus2you!F285+CoopStroom!F285+Cozywheels!F285+Dégage!F285+Flexigo!F285+Klimaan!F285+Moovee!F285+Poppy!F285+'Mobilize Share'!F285+Stapp.in!F285 -> 5 | AQ99: =BattMobility!G285+cambio!G285+Claus2you!G285+CoopStroom!G285+Cozywheels!G285+Dégage!G285+Flexigo!G285+Klimaan!G285+Moovee!G285+Poppy!G285+'Mobilize Share'!G285+Stapp.in!G285 -> 2 | AR99: =AP99/G99*1000 -> 0.59894586 | AS99: =AQ99/G99*1000 -> 0.23957834 | AT99: =AP99-AF99 -> -1 | AU99: 16.68 | AV99: 10.68
A100: Hooglede | B100: West-Vlaanderen | C100: 36006 | D100: 10003 | E100: 10142 | F100: 10235 | G100: 10312 | H100: 2 | I100: 0 | J100: 0.19994002 | K100: 2 | L100: 0 | M100: 0.19994002 | N100: 1 | O100: 1 | P100: 0.098599882 | Q100: 0.098599882 | R100: -1 | S100: -0.10134014 | T100: -1 | U100: -0.10134014 | V100: 0 | W100: 0 | X100: 2 | Y100: 2 | Z100: 0.19719976 | AA100: 0.19719976 | AB100: 3 | AC100: 2 | AD100: 0.29311187 | AE100: 0.19540791 | AF100: 3 | AG100: 2 | AH100: 0.29311187 | AI100: 0.19540791 | AJ100: =BattMobility!D104+cambio!D104+Claus2you!D104+CoopStroom!D104+Cozywheels!D104+Dégage!D104+Flexigo!D104+Klimaan!D104+Moovee!D104+Poppy!D104+'Mobilize Share'!D104+Stapp.in!D104 -> 3 | AK100: =BattMobility!E104+cambio!E104+Claus2you!E104+CoopStroom!E104+Cozywheels!E104+Dégage!E104+Flexigo!E104+Klimaan!E104+Moovee!E104+Poppy!E104+'Mobilize Share'!E104+Stapp.in!E104 -> 3 | AL100: =AJ100/G100*1000 -> 0.2909232 | AM100: =AK100/G100*1000 -> 0.2909232 | AN100: =AJ100-AB100 -> 0 | AO100: =AN100/AB100 -> 0 | AP100: =BattMobility!F104+cambio!F104+Claus2you!F104+CoopStroom!F104+Cozywheels!F104+Dégage!F104+Flexigo!F104+Klimaan!F104+Moovee!F104+Poppy!F104+'Mobilize Share'!F104+Stapp.in!F104 -> 5 | AQ100: =BattMobility!G104+cambio!G104+Claus2you!G104+CoopStroom!G104+Cozywheels!G104+Dégage!G104+Flexigo!G104+Klimaan!G104+Moovee!G104+Poppy!G104+'Mobilize Share'!G104+Stapp.in!G104 -> 4 | AR100: =AP100/G100*1000 -> 0.48487199 | AS100: =AQ100/G100*1000 -> 0.3878976 | AT100: =AP100-AF100 -> 2 | AU100: 20.47 | AV100: 17.47
...

Sheet overzicht voor jun 25
A1: GEMEENTE | B1: PROVINCIE | C1: NIS-CODE | D1: INWONERS 2022 (STATBEL - OFFICIËLE STATISTIEK) | E1: INWONERS 01/01/2023 (STATBEL - OFFICIËLE STATISTIEK) | F1: INWONERS 01/01/2024 (STATBEL - OFFICIËLE STATISTIEK) | G1: AANTAL DEELWAGENS JANUARI 2022 | H1: AANTAL e-DEELWAGENS JANUARI 2022 | I1: AANTAL DEELWAGENS PER 1.000 JAN 2022 | J1: AANTAL DEELWAGENS OKTOBER 2022 | K1: AANTAL e-DEELWAGENS OKTOBER 2022 | L1: AANTAL DEELWAGENS PER 1.000 OKT 2022 | M1: AANTAL DEELWAGENS JUNI 2023 | N1: AANTAL e-DEELWAGENS JUNI 2023 | O1: AANTAL DEELWAGENS PER 1.000 JUN 2023 | P1: AANTAL e-DEELWAGENS PER 1.000 JUN 2023 | Q1: GROEI aantal deelwagens jan '22 - jun '23 | R1: GROEI aantal deelwagens per 1.000 inw jan '22 - jun '23 | S1: GROEI aantal deelwagens okt '22 - jun '23 | T1: GROEI aantal deelwagens per 1.000 inw okt '22 - jun '23 | U1: AANTAL PARTICULIERE DEELWAGENS JUN 2023 | V1: AANTAL PARTICULIERE DEELWAGENS PER 1.000 JUN 2023 | W1: AANTAL DEELWAGENS DECEMBER 2023 | X1: AANTAL e-DEELWAGENS DECEMBER 2023 | Y1: AANTAL DEELWAGENS PER 1.000 DEC 2023 | Z1: AANTAL e-DEELWAGENS PER 1.000 DEC 2023 | AA1: AANTAL DEELWAGENS JUNI 2024 | AB1: AANTAL e-DEELWAGENS JUNI 2024 | AC1: AANTAL DEELWAGENS PER 1.000 JUN 2024 | AD1: AANTAL e-DEELWAGENS PER 1.000 JUN 2024 | AE1: AANTAL DEELWAGENS DEC 2024 | AF1: AANTAL e-DEELWAGENS DEC 2024 | AG1: AANTAL DEELWAGENS PER 1.000 DEC 2024 | AH1: AANTAL e-DEELWAGENS PER 1.000 DEC 2024 | AI1: AANTAL DEELWAGENS NODIG IN 2030 OBV INWONERS 2024 | AJ1: EXTRA BENODIGDE DEELWAGENS TEGEN 2030 (OBV DEC 2024)
A2: Aalst | B2: Oost-Vlaanderen | C2: 41002 | D2: 88854 | E2: 90068 | F2: 90995 | G2: 20 | H2: 0 | I2: 0.23 | J2: 19 | K2: 0 | L2: 0.21 | M2: 21 | N2: 6 | O2: 0.23 | P2: 0.07 | Q2: 1 | R2: 0.01 | S2: 2 | T2: 0.02 | U2: 1 | V2: 0.01 | W2: 26 | X2: 5 | Y2: 0.29 | Z2: 0.06 | AA2: 34 | AB2: 10 | AC2: 0.37 | AD2: 0.11 | AE2: 38 | AF2: 10 | AG2: 0.42 | AH2: 0.11 | AI2: 182 | AJ2: 144
A3: Aalter | B3: Oost-Vlaanderen | C3: 44084 | D3: 29340 | E3: 29529 | F3: 29787 | G3: 1 | H3: 0 | I3: 0.03 | J3: 0 | K3: 0 | L3: 0 | M3: 0 | N3: 0 | O3: 0 | P3: 0 | Q3: -1 | R3: -0.03 | S3: 0 | T3: 0 | U3: 0 | V3: 0 | W3: 0 | X3: 0 | Y3: 0 | Z3: 0 | AA3: 0 | AB3: 0 | AC3: 0 | AD3: 0 | AE3: 2 | AF3: 2 | AG3: 0.07 | AH3: 0.07 | AI3: 60 | AJ3: 57.6
A4: Aarschot | B4: Vlaams-Brabant | C4: 24001 | D4: 30594 | E4: 30854 | F4: 31138 | G4: 3 | H4: 0 | I4: 0.1 | J4: 8 | K4: 0 | L4: 0.26 | M4: 6 | N4: 6 | O4: 0.19 | P4: 0.19 | Q4: 3 | R4: 0.1 | S4: -2 | T4: -0.07 | U4: 0 | V4: 0 | W4: 8 | X4: 7 | Y4: 0.26 | Z4: 0.23 | AA4: 7 | AB4: 6 | AC4: 0.22 | AD4: 0.19 | AE4: 10 | AF4: 8 | AG4: 0.32 | AH4: 0.26 | AI4: 62 | AJ4: 52
A5: Aartselaar | B5: Antwerpen | C5: 11001 | D5: 14610 | E5: 14752 | F5: 14890 | G5: 0 | H5: 0 | I5: 0 | J5: 0 | K5: 0 | L5: 0 | M5: 0 | N5: 0 | O5: 0 | P5: 0 | Q5: 0 | R5: 0 | S5: 0 | T5: 0 | U5: 0 | V5: 0 | W5: 0 | X5: 0 | Y5: 0 | Z5: 0 | AA5: 0 | AB5: 0 | AC5: 0 | AD5: 0 | AE5: 0 | AF5: 0 | AG5: 0 | AH5: 0 | AI5: 30 | AJ5: 30
A6: Affligem | B6: Vlaams-Brabant | C6: 23105 | D6: 13466 | E6: 13556 | F6: 13651 | G6: 0 | H6: 0 | I6: 0 | J6: 0 | K6: 0 | L6: 0 | M6: 0 | N6: 0 | O6: 0 | P6: 0 | Q6: 0 | R6: 0 | S6: 0 | T6: 0 | U6: 0 | V6: 0 | W6: 1 | X6: 0 | Y6: 0.07 | Z6: 0 | AA6: 1 | AB6: 0 | AC6: 0.07 | AD6: 0 | AE6: 1 | AF6: 0 | AG6: 0.07 | AH6: 0 | AI6: 27 | AJ6: 26
A7: Alken | B7: Limburg | C7: 73001 | D7: 11757 | E7: 11839 | F7: 11918 | G7: 2 | H7: 0 | I7: 0.17 | J7: 2 | K7: 0 | L7: 0.17 | M7: 2 | N7: 2 | O7: 0.17 | P7: 0.17 | Q7: 0 | R7: 0 | S7: 0 | T7: 0 | U7: 0 | V7: 0 | W7: 2 | X7: 2 | Y7: 0.17 | Z7: 0.17 | AA7: 2 | AB7: 2 | AC7: 0.17 | AD7: 0.17 | AE7: 2 | AF7: 2 | AG7: 0.17 | AH7: 0.17 | AI7: 24 | AJ7: 22
A8: Alveringem | B8: West-Vlaanderen | C8: 38002 | D8: 5025 | E8: 5054 | F8: 5023 | G8: 0 | H8: 0 | I8: 0 | J8: 0 | K8: 0 | L8: 0 | M8: 0 | N8: 0 | O8: 0 | P8: 0 | Q8: 0 | R8: 0 | S8: 0 | T8: 0 | U8: 0 | V8: 0 | W8: 0 | X8: 0 | Y8: 0 | Z8: 0 | AA8: 1 | AB8: 0 | AC8: 0.2 | AD8: 0 | AE8: 1 | AF8: 0 | AG8: 0.2 | AH8: 0 | AI8: 10 | AJ8: 9
A9: Antwerpen | B9: Antwerpen | C9: 11002 | D9: 530630 | E9: 538910 | F9: 544759 | G9: 896 | H9: 170 | I9: 1.69 | J9: 899 | K9: 161 | L9: 1.69 | M9: 1449 | N9: 354 | O9: 2.69 | P9: 0.66 | Q9: 553 | R9: 1 | S9: 550 | T9: 0.99 | U9: 92 | V9: 0.17 | W9: 1542 | X9: 303 | Y9: 2.86 | Z9: 0.56 | AA9: 1646 | AB9: 37 | AC9: 3.02 | AD9: 0.07 | AE9: 1477 | AF9: 29 | AG9: 2.71 | AH9: 0.05 | AI9: 1090 | AJ9: -387
A10: Anzegem | B10: West-Vlaanderen | C10: 34002 | D10: 15029 | E10: 15222 | F10: 15148 | G10: 0 | H10: 0 | I10: 0 | J10: 0 | K10: 0 | L10: 0 | M10: 0 | N10: 0 | O10: 0 | P10: 0 | Q10: 0 | R10: 0 | S10: 0 | T10: 0 | U10: 0 | V10: 0 | W10: 0 | X10: 0 | Y10: 0 | Z10: 0 | AA10: 0 | AB10: 0 | AC10: 0 | AD10: 0 | AE10: 2 | AF10: 2 | AG10: 0.13 | AH10: 0.13 | AI10: 30 | AJ10: 28
A11: Ardooie | B11: West-Vlaanderen | C11: 37020 | D11: 9195 | E11: 9338 | F11: 9355 | G11: 1 | H11: 0 | I11: 0.11 | J11: 1 | K11: 0 | L11: 0.11 | M11: 0 | N11: 0 | O11: 0 | P11: 0 | Q11: -1 | R11: -0.11 | S11: -1 | T11: -0.11 | U11: 0 | V11: 0 | W11: 0 | X11: 0 | Y11: 0 | Z11: 0 | AA11: 2 | AB11: 0 | AC11: 0.21 | AD11: 0 | AE11: 3 | AF11: 1 | AG11: 0.32 | AH11: 0.11 | AI11: 19 | AJ11: 16
A12: Arendonk | B12: Antwerpen | C12: 13001 | D12: 13297 | E12: 13344 | F12: 13391 | G12: 1 | H12: 1 | I12: 0.08 | J12: 1 | K12: 1 | L12: 0.08 | M12: 1 | N12: 1 | O12: 0.07 | P12: 0.07 | Q12: 0 | R12: 0 | S12: 0 | T12: 0 | U12: 0 | V12: 0 | W12: 1 | X12: 1 | Y12: 0.07 | Z12: 0.07 | AA12: 3 | AB12: 1 | AC12: 0.22 | AD12: 0.07 | AE12: 2 | AF12: 2 | AG12: 0.15 | AH12: 0.15 | AI12: 27 | AJ12: 25
A13: As | B13: Limburg | C13: 71002 | D13: 8246 | E13: 8214 | F13: 8259 | G13: 0 | H13: 0 | I13: 0 | J13: 0 | K13: 0 | L13: 0 | M13: 0 | N13: 0 | O13: 0 | P13: 0 | Q13: 0 | R13: 0 | S13: 0 | T13: 0 | U13: 0 | V13: 0 | W13: 0 | X13: 0 | Y13: 0 | Z13: 0 | AA13: 1 | AB13: 1 | AC13: 0.12 | AD13: 0.12 | AE13: 1 | AF13: 1 | AG13: 0.12 | AH13: 0.12 | AI13: 17 | AJ13: 16
... A27: Bertem | B27: Vlaams-Brabant | C27: 24009 | D27: 10258 | E27: 10276 | F27: 10242 | G27: 1 | H27: 0 | I27: 0.1 | J27: 0 | K27: 0 | L27: 0 | M27: 0 | N27: 0 | O27: 0 | P27: 0 | Q27: -1 | R27: -0.1 | S27: 0 | T27: 0 | U27: 0 | V27: 0 | W27: 0 | X27: 0 | Y27: 0 | Z27: 0 | AA27: 2 | AB27: 0 | AC27: 0.2 | AD27: 0 | AE27: 3 | AF27: 0 | AG27: 0.29 | AH27: 0 | AI27: 20 | AJ27: 17
A28: Bever | B28: Vlaams-Brabant | C28: 23009 | D28: 2265 | F28: 2276 | G28: 0 | H28: 0 | I28: 0 | J28: 0 | K28: 0 | L28: 0 | M28: 0 | N28: 0 | O28: #DIV/0! | P28: #DIV/0! | Q28: 0 | R28: #DIV/0! | S28: 0 | T28: #DIV/0! | U28: 0 | V28: #DIV/0! | W28: 0 | X28: 0 | Y28: #DIV/0! | Z28: #DIV/0! | AA28: 0 | AB28: 0 | AC28: 0 | AD28: 0 | AE28: 0 | AF28: 0 | AG28: 0 | AH28: 0 | AI28: 5 | AJ28: 5
A29: Beveren | B29: Oost-Vlaanderen | C29: 46003 | D29: 49531 | E29: 50300 | F29: 50838 | G29: 9 | H29: 0 | I29: 0.18 | J29: 7 | K29: 0 | L29: 0.14 | M29: 8 | N29: 2 | O29: 0.16 | P29: 0.04 | Q29: -1 | R29: -0.02 | S29: 1 | T29: 0.02 | U29: 0 | V29: 0 | W29: 8 | X29: 2 | Y29: 0.16 | Z29: 0.04 | AA29: 10 | AB29: 4 | AC29: 0.2 | AD29: 0.08 | AE29: 11 | AF29: 5 | AG29: 0.22 | AH29: 0.1 | AI29: 102 | AJ29: 91
A30: Bierbeek | B30: Vlaams-Brabant | C30: 24011 | D30: 10277 | E30: 10469 | F30: 10534 | G30: 1 | H30: 0 | I30: 0.1 | J30: 2 | K30: 0 | L30: 0.19 | M30: 1 | N30: 0 | O30: 0.1 | P30: 0 | Q30: 0 | R30: 0 | S30: -1 | T30: -0.1 | U30: 1 | V30: 0.1 | W30: 3 | X30: 1 | Y30: 0.29 | Z30: 0.1 | AA30: 4 | AB30: 1 | AC30: 0.38 | AD30: 0.09 | AE30: 7 | AF30: 3 | AG30: 0.66 | AH30: 0.28 | AI30: 21 | AJ30: 14
A31: Bilzen | B31: Limburg | C31: 73006 | D31: 32455 | E31: 32644 | F31: 32782 | G31: 0 | H31: 0 | I31: 0 | J31: 3 | K31: 0 | L31: 0.09 | M31: 2 | N31: 0 | O31: 0.06 | P31: 0 | Q31: 2 | R31: 0.06 | S31: -1 | T31: -0.03 | U31: 2 | V31: 0.06 | W31: 3 | X31: 0 | Y31: 0.09 | Z31: 0 | AA31: 4 | AB31: 2 | AC31: 0.12 | AD31: 0.06 | AE31: 4 | AF31: 1 | AG31: 0.12 | AH31: 0.03 | AI31: 66 | AJ31: 62
A32: Blankenberge | B32: West-Vlaanderen | C32: 31004 | D32: 20408 | E32: 20511 | F32: 20559 | G32: 0 | H32: 0 | I32: 0 | J32: 0 | K32: 0 | L32: 0 | M32: 0 | N32: 0 | O32: 0 | P32: 0 | Q32: 0 | R32: 0 | S32: 0 | T32: 0 | U32: 0 | V32: 0 | W32: 4 | X32: 0 | Y32: 0.2 | Z32: 0 | AA32: 7 | AB32: 3 | AC32: 0.34 | AD32: 0.15 | AE32: 7 | AF32: 5 | AG32: 0.34 | AH32: 0.24 | AI32: 41 | AJ32: 34
A33: Bocholt | B33: Limburg | C33: 72003 | D33: 13508 | E33: 13743 | F33: 13753 | G33: 0 | H33: 0 | I33: 0 | J33: 0 | K33: 0 | L33: 0 | M33: 0 | N33: 0 | O33: 0 | P33: 0 | Q33: 0 | R33: 0 | S33: 0 | T33: 0 | U33: 0 | V33: 0 | W33: 0 | X33: 0 | Y33: 0 | Z33: 0 | AA33: 0 | AB33: 0 | AC33: 0 | AD33: 0 | AE33: 0 | AF33: 0 | AG33: 0 | AH33: 0 | AI33: 28 | AJ33: 28
A34: Boechout | B34: Antwerpen | C34: 11004 | D34: 13733 | E34: 13806 | F34: 13831 | G34: 2 | H34: 1 | I34: 0.15 | J34: 1 | K34: 1 | L34: 0.07 | M34: 2 | N34: 2 | O34: 0.14 | P34: 0.14 | Q34: 0 | R34: 0 | S34: 1 | T34: 0.07 | U34: 0 | V34: 0 | W34: 1 | X34: 0 | Y34: 0.07 | Z34: 0 | AA34: 3 | AB34: 2 | AC34: 0.22 | AD34: 0.14 | AE34: 3 | AF34: 2 | AG34: 0.22 | AH34: 0.14 | AI34: 28 | AJ34: 25
A35: Bonheiden | B35: Antwerpen | C35: 12005 | D35: 15319 | E35: 15458 | F35: 15454 | G35: 4 | H35: 3 | I35: 0.26 | J35: 3 | K35: 3 | L35: 0.2 | M35: 6 | N35: 3 | O35: 0.39 | P35: 0.19 | Q35: 2 | R35: 0.13 | S35: 3 | T35: 0.19 | U35: 3 | V35: 0.19 | W35: 6 | X35: 2 | Y35: 0.39 | Z35: 0.13 | AA35: 9 | AB35: 5 | AC35: 0.58 | AD35: 0.32 | AE35: 10 | AF35: 5 | AG35: 0.65 | AH35: 0.32 | AI35: 31 | AJ35: 21
A36: Boom | B36: Antwerpen | C36: 11005 | D36: 18832 | E36: 19062 | F36: 19431 | G36: 2 | H36: 0 | I36: 0.11 | J36: 2 | K36: 0 | L36: 0.11 | M36: 2 | N36: 0 | O36: 0.1 | P36: 0 | Q36: 0 | R36: 0 | S36: 0 | T36: 0 | U36: 2 | V36: 0.1 | W36: 5 | X36: 1 | Y36: 0.26 | Z36: 0.05 | AA36: 4 | AB36: 1 | AC36: 0.21 | AD36: 0.05 | AE36: 4 | AF36: 1 | AG36: 0.21 | AH36: 0.05 | AI36: 39 | AJ36: 35
A37: Boortmeerbeek | B37: Vlaams-Brabant | C37: 24014 | D37: 12968 | E37: 13263 | F37: 13348 | G37: 1 | H37: 0 | I37: 0.08 | J37: 2 | K37: 0 | L37: 0.15 | M37: 2 | N37: 0 | O37: 0.15 | P37: 0 | Q37: 1 | R37: 0.07 | S37: 0 | T37: 0 | U37: 2 | V37: 0.15 | W37: 2 | X37: 0 | Y37: 0.15 | Z37: 0 | AA37: 1 | AB37: 0 | AC37: 0.07 | AD37: 0 | AE37: 2 | AF37: 0 | AG37: 0.15 | AH37: 0 | AI37: 27 | AJ37: 25
A38: Borgloon | B38: Limburg | C38: 73009 | D38: 11272 | E38: 11455 | F38: 11580 | G38: 0 | H38: 0 | I38: 0 | J38: 0 | K38: 0 | L38: 0 | M38: 0 | N38: 0 | O38: 0 | P38: 0 | Q38: 0 | R38: 0 | S38: 0 | T38: 0 | U38: 0 | V38: 0 | W38: 1 | X38: 0 | Y38: 0.09 | Z38: 0 | AA38: 1 | AB38: 0 | AC38: 0.09 | AD38: 0 | AE38: 1 | AF38: 0 | AG38: 0.09 | AH38: 0 | AI38: 23 | AJ38: 22
A39: Bornem | B39: Antwerpen | C39: 12007 | D39: 21599 | E39: 21982 | F39: 22076 | G39: 3 | H39: 0 | I39: 0.14 | J39: 2 | K39: 0 | L39: 0.09 | M39: 1 | N39: 0 | O39: 0.05 | P39: 0 | Q39: -2 | R39: -0.09 | S39: -1 | T39: -0.05 | U39: 1 | V39: 0.05 | W39: 4 | X39: 0 | Y39: 0.18 | Z39: 0 | AA39: 5 | AB39: 2 | AC39: 0.23 | AD39: 0.09 | AE39: 6 | AF39: 3 | AG39: 0.27 | AH39: 0.14 | AI39: 44 | AJ39: 38
A40: Borsbeek | B40: Antwerpen | C40: 11007 | D40: 11226 | E40: 11309 | F40: 11379 | G40: 0 | H40: 0 | I40: 0 | J40: 1 | K40: 0 | L40: 0.09 | M40: 1 | N40: 0 | O40: 0.09 | P40: 0 | Q40: 1 | R40: 0.09 | S40: 0 | T40: 0 | U40: 1 | V40: 0.09 | W40: 2 | X40: 0 | Y40: 0.18 | Z40: 0 | AA40: 2 | AB40: 0 | AC40: 0.18 | AD40: 0 | AE40: 3 | AF40: 1 | AG40: 0.26 | AH40: 0.09 | AI40: 23 | AJ40: 20
... A301: Zwijndrecht | B301: Antwerpen | C301: 11056 | D301: 19243 | E301: 19547 | F301: 19580 | G301: 5 | H301: 0 | I301: 0.26 | J301: 7 | K301: 0 | L301: 0.36 | M301: 7 | N301: 2 | O301: 0.36 | P301: 0.1 | Q301: 2 | R301: 0.1 | S301: 0 | T301: -0.01 | U301: 1 | V301: 0.05 | W301: 9 | X301: 2 | Y301: 0.46 | Z301: 0.1 | AA301: 8 | AB301: 2 | AC301: 0.41 | AD301: 0.1 | AE301: 10 | AF301: 3 | AG301: 0.51 | AH301: 0.15 | AI301: 39 | AJ301: 29

Sheet Prognoses LEKP
A1: GEMEENTE | B1: PROVINCIE | C1: NIS-CODE | D1: INWONERS 01/01/2024 (STATBEL - OFFICIËLE STATISTIEK) | E1: AANTAL DEELWAGENS JUNI 2024 | F1: AANTAL DEELWAGENS PER 1.000 JUN 2024 | G1: AANTAL DEELWAGENS DEC 2024 | H1: AANTAL DEELWAGENS PER 1.000 DEC 2024 | I1: AANTAL DEELWAGENS NODIG IN 2030 OBV INWONERS 2024 | J1: EXTRA BENODIGDE DEELWAGENS TEGEN 2030 (OBV DEC 2024) | K1: Scenario 1 - extra auto's in 2025 | L1: Scenario 1 - extra auto's in 2026 | M1: Scenario 1 - extra auto's in 2027 | N1: Scenario 1 - extra auto's in 2028 | O1: Scenario 1 - extra auto's in 2029 | P1: Scenario 1 - extra auto's in 2030 | Q1: Scenario 2 (exponentieel) - extra auto's in 2025 | R1: Scenario 2 (exponentieel) - extra auto's in 2026 | S1: Scenario 2 (exponentieel) - extra auto's in 2027 | T1: Scenario 2 (exponentieel) - extra auto's in 2028 | U1: Scenario 2 (exponentieel) - extra auto's in 2029 | V1: Scenario 2 (exponentieel) - extra auto's in 2030
A2: Aalst | B2: Oost-Vlaanderen | C2: 41002 | D2: 90995 | E2: =#REF!+#REF!+#REF!+#REF!+#REF!+#REF!+#REF!+GreenMobility!L2+#REF!+#REF!+#REF!+Partago!L2+#REF!+#REF!+#REF! -> #REF! | F2: =(E2/D2)*1000 -> #REF! | G2: =#REF!+#REF!+#REF!+#REF!+#REF!+#REF!+#REF!+#REF!+#REF!+Moovee!A2+#REF!+#REF!+#REF! -> #REF! | H2: =(G2/D2)*1000 -> #REF! | I2: =D2/1000*2 -> 181.99 | J2: =I2-G2 -> #REF! | K2: =J2*0.05 -> #REF! | L2: =J2*0.1 -> #REF! | M2: =J2*0.15 -> #REF! | N2: =J2*0.2 -> #REF! | O2: =J2*0.233333 -> #REF! | P2: =J2*0.266667 -> #REF! | Q2: =J2*0.0158729999 -> #REF! | R2: =J2*0.031746 -> #REF! | S2: =J2*0.063492 -> #REF! | T2: =J2*0.126984 -> #REF! | U2: =J2*0.253968 -> #REF! | V2: =J2*0.507936 -> #REF!
A3: Aalter | B3: Oost-Vlaanderen | C3: 44084 | D3: 29787 | E3: =#REF!+#REF!+#REF!+#REF!+#REF!+#REF!+#REF!+GreenMobility!L3+#REF!+#REF!+#REF!+Partago!L3+#REF!+#REF!+#REF! -> #REF! | F3: =(E3/D3)*1000 -> #REF! | G3: =#REF!+#REF!+#REF!+#REF!+#REF!+#REF!+#REF!+#REF!+#REF!+Moovee!A3+#REF!+#REF!+#REF! -> #REF! | H3: =(G3/D3)*1000 -> #REF! | I3: =D3/1000*2 -> 59.574 | J3: =I3-G3 -> #REF! | K3: =J3*0.05 -> #REF! | L3: =J3*0.1 -> #REF! | M3: =J3*0.15 -> #REF! | N3: =J3*0.2 -> #REF! | O3: =J3*0.233333 -> #REF! | P3: =J3*0.266667 -> #REF! | Q3: =J3*0.0158729999 -> #REF! | R3: =J3*0.031746 -> #REF! | S3: =J3*0.063492 -> #REF! | T3: =J3*0.126984 -> #REF! | U3: =J3*0.253968 -> #REF! | V3: =J3*0.507936 -> #REF!
A4: Aarschot | B4: Vlaams-Brabant | C4: 24001 | D4: 31138 | E4: =#REF!+#REF!+#REF!+#REF!+#REF!+#REF!+#REF!+GreenMobility!L4+#REF!+#REF!+#REF!+Partago!L4+#REF!+#REF!+#REF! -> #REF! | F4: =(E4/D4)*1000 -> #REF! | G4: =#REF!+#REF!+#REF!+#REF!+#REF!+#REF!+#REF!+#REF!+#REF!+Moovee!A4+#REF!+#REF!+#REF! -> #REF! | H4: =(G4/D4)*1000 -> #REF! | I4: =D4/1000*2 -> 62.276 | J4: =I4-G4 -> #REF! | K4: =J4*0.05 -> #REF! | L4: =J4*0.1 -> #REF! | M4: =J4*0.15 -> #REF! | N4: =J4*0.2 -> #REF! | O4: =J4*0.233333 -> #REF! | P4: =J4*0.266667 -> #REF! | Q4: =J4*0.0158729999 -> #REF! | R4: =J4*0.031746 -> #REF! | S4: =J4*0.063492 -> #REF! | T4: =J4*0.126984 -> #REF! | U4: =J4*0.253968 -> #REF! | V4: =J4*0.507936 -> #REF!
A5: Aartselaar | B5: Antwerpen | C5: 11001 | D5: 14890 | E5: =#REF!+#REF!+#REF!+#REF!+#REF!+#REF!+#REF!+GreenMobility!L5+#REF!+#REF!+#REF!+Partago!L5+#REF!+#REF!+#REF! -> #REF! | F5: =(E5/D5)*1000 -> #REF! | G5: =#REF!+#REF!+#REF!+#REF!+#REF!+#REF!+#REF!+#REF!+#REF!+Moovee!A5+#REF!+#REF!+#REF! -> #REF! | H5: =(G5/D5)*1000 -> #REF! | I5: =D5/1000*2 -> 29.78 | J5: =I5-G5 -> #REF! | K5: =J5*0.05 -> #REF! | L5: =J5*0.1 -> #REF! | M5: =J5*0.15 -> #REF! | N5: =J5*0.2 -> #REF! | O5: =J5*0.233333 -> #REF! | P5: =J5*0.266667 -> #REF! | Q5: =J5*0.0158729999 -> #REF! | R5: =J5*0.031746 -> #REF! | S5: =J5*0.063492 -> #REF! | T5: =J5*0.126984 -> #REF! | U5: =J5*0.253968 -> #REF! | V5: =J5*0.507936 -> #REF!
A6: Affligem | B6: Vlaams-Brabant | C6: 23105 | D6: 13651 | E6: =#REF!+#REF!+#REF!+#REF!+#REF!+#REF!+#REF!+GreenMobility!L6+#REF!+#REF!+#REF!+Partago!L6+#REF!+#REF!+#REF! -> #REF! | F6: =(E6/D6)*1000 -> #REF! | G6: =#REF!+#REF!+#REF!+#REF!+#REF!+#REF!+#REF!+#REF!+#REF!+Moovee!A6+#REF!+#REF!+#REF! -> #REF! | H6: =(G6/D6)*1000 -> #REF! | I6: =D6/1000*2 -> 27.302 | J6: =I6-G6 -> #REF! | K6: =J6*0.05 -> #REF! | L6: =J6*0.1 -> #REF! | M6: =J6*0.15 -> #REF! | N6: =J6*0.2 -> #REF! | O6: =J6*0.233333 -> #REF! | P6: =J6*0.266667 -> #REF! | Q6: =J6*0.0158729999 -> #REF! | R6: =J6*0.031746 -> #REF! | S6: =J6*0.063492 -> #REF! | T6: =J6*0.126984 -> #REF! | U6: =J6*0.253968 -> #REF! | V6: =J6*0.507936 -> #REF!
A7: Alken | B7: Limburg | C7: 73001 | D7: 11918 | E7: =#REF!+#REF!+#REF!+#REF!+#REF!+#REF!+#REF!+GreenMobility!L7+#REF!+#REF!+#REF!+Partago!L7+#REF!+#REF!+#REF! -> #REF! | F7: =(E7/D7)*1000 -> #REF! | G7: =#REF!+#REF!+#REF!+#REF!+#REF!+#REF!+#REF!+#REF!+#REF!+Moovee!A7+#REF!+#REF!+#REF! -> #REF! | H7: =(G7/D7)*1000 -> #REF! | I7: =D7/1000*2 -> 23.836 | J7: =I7-G7 -> #REF! | K7: =J7*0.05 -> #REF! | L7: =J7*0.1 -> #REF! | M7: =J7*0.15 -> #REF! | N7: =J7*0.2 -> #REF! | O7: =J7*0.233333 -> #REF! | P7: =J7*0.266667 -> #REF! | Q7: =J7*0.0158729999 -> #REF! | R7: =J7*0.031746 -> #REF! | S7: =J7*0.063492 -> #REF! | T7: =J7*0.126984 -> #REF! | U7: =J7*0.253968 -> #REF! | V7: =J7*0.507936 -> #REF!
A8: Alveringem | B8: West-Vlaanderen | C8: 38002 | D8: 5023 | E8: =#REF!+#REF!+#REF!+#REF!+#REF!+#REF!+#REF!+GreenMobility!L8+#REF!+#REF!+#REF!+Partago!L8+#REF!+#REF!+#REF! -> #REF! | F8: =(E8/D8)*1000 -> #REF! | G8: =#REF!+#REF!+#REF!+#REF!+#REF!+#REF!+#REF!+#REF!+#REF!+Moovee!A8+#REF!+#REF!+#REF! -> #REF! | H8: =(G8/D8)*1000 -> #REF! | I8: =D8/1000*2 -> 10.046 | J8: =I8-G8 -> #REF! | K8: =J8*0.05 -> #REF! | L8: =J8*0.1 -> #REF! | M8: =J8*0.15 -> #REF! | N8: =J8*0.2 -> #REF! | O8: =J8*0.233333 -> #REF! | P8: =J8*0.266667 -> #REF! | Q8: =J8*0.0158729999 -> #REF! | R8: =J8*0.031746 -> #REF! | S8: =J8*0.063492 -> #REF! | T8: =J8*0.126984 -> #REF! | U8: =J8*0.253968 -> #REF! | V8: =J8*0.507936 -> #REF!
A9: Antwerpen | B9: Antwerpen | C9: 11002 | D9: 544759 | E9: =#REF!+#REF!+#REF!+#REF!+#REF!+#REF!+#REF!+GreenMobility!L9+#REF!+#REF!+#REF!+Partago!L9+#REF!+#REF!+#REF! -> #REF! | F9: =(E9/D9)*1000 -> #REF! | G9: =#REF!+#REF!+#REF!+#REF!+#REF!+#REF!+#REF!+#REF!+#REF!+Moovee!A9+#REF!+#REF!+#REF! -> #REF! | H9: =(G9/D9)*1000 -> #REF! | I9: =D9/1000*2 -> 1089.518 | J9: =I9-G9 -> #REF!
A10: Anzegem | B10: West-Vlaanderen | C10: 34002 | D10: 15148 | E10: =#REF!+#REF!+#REF!+#REF!+#REF!+#REF!+#REF!+GreenMobility!L10+#REF!+#REF!+#REF!+Partago!L10+#REF!+#REF!+#REF! -> #REF! | F10: =(E10/D10)*1000 -> #REF! | G10: =#REF!+#REF!+#REF!+#REF!+#REF!+#REF!+#REF!+#REF!+#REF!+Moovee!A10+#REF!+#REF!+#REF! -> #REF! | H10: =(G10/D10)*1000 -> #REF! | I10: =D10/1000*2 -> 30.296 | J10: =I10-G10 -> #REF! | K10: =J10*0.05 -> #REF! | L10: =J10*0.1 -> #REF! | M10: =J10*0.15 -> #REF! | N10: =J10*0.2 -> #REF! | O10: =J10*0.233333 -> #REF! | P10: =J10*0.266667 -> #REF! | Q10: =J10*0.0158729999 -> #REF! | R10: =J10*0.031746 -> #REF! | S10: =J10*0.063492 -> #REF! | T10: =J10*0.126984 -> #REF! | U10: =J10*0.253968 -> #REF! | V10: =J10*0.507936 -> #REF!
A11: Ardooie | B11: West-Vlaanderen | C11: 37020 | D11: 9355 | E11: =#REF!+#REF!+#REF!+#REF!+#REF!+#REF!+#REF!+GreenMobility!L11+#REF!+#REF!+#REF!+Partago!L11+#REF!+#REF!+#REF! -> #REF! | F11: =(E11/D11)*1000 -> #REF! | G11: =#REF!+#REF!+#REF!+#REF!+#REF!+#REF!+#REF!+#REF!+#REF!+Moovee!A11+#REF!+#REF!+#REF! -> #REF! | H11: =(G11/D11)*1000 -> #REF! | I11: =D11/1000*2 -> 18.71 | J11: =I11-G11 -> #REF! | K11: =J11*0.05 -> #REF! | L11: =J11*0.1 -> #REF! | M11: =J11*0.15 -> #REF! | N11: =J11*0.2 -> #REF! | O11: =J11*0.233333 -> #REF! | P11: =J11*0.266667 -> #REF! | Q11: =J11*0.0158729999 -> #REF! | R11: =J11*0.031746 -> #REF! | S11: =J11*0.063492 -> #REF! | T11: =J11*0.126984 -> #REF! | U11: =J11*0.253968 -> #REF! | V11: =J11*0.507936 -> #REF!
A12: Arendonk | B12: Antwerpen | C12: 13001 | D12: 13391 | E12: =#REF!+#REF!+#REF!+#REF!+#REF!+#REF!+#REF!+GreenMobility!L12+#REF!+#REF!+#REF!+Partago!L12+#REF!+#REF!+#REF! -> #REF! | F12: =(E12/D12)*1000 -> #REF! | G12: =#REF!+#REF!+#REF!+#REF!+#REF!+#REF!+#REF!+#REF!+#REF!+Moovee!A12+#REF!+#REF!+#REF! -> #REF! | H12: =(G12/D12)*1000 -> #REF! | I12: =D12/1000*2 -> 26.782 | J12: =I12-G12 -> #REF! | K12: =J12*0.05 -> #REF! | L12: =J12*0.1 -> #REF! | M12: =J12*0.15 -> #REF! | N12: =J12*0.2 -> #REF! | O12: =J12*0.233333 -> #REF! | P12: =J12*0.266667 -> #REF! | Q12: =J12*0.0158729999 -> #REF! | R12: =J12*0.031746 -> #REF! | S12: =J12*0.063492 -> #REF! | T12: =J12*0.126984 -> #REF! | U12: =J12*0.253968 -> #REF! | V12: =J12*0.507936 -> #REF!
A13: As | B13: Limburg | C13: 71002 | D13: 8259 | E13: =#REF!+#REF!+#REF!+#REF!+#REF!+#REF!+#REF!+GreenMobility!L13+#REF!+#REF!+#REF!+Partago!L13+#REF!+#REF!+#REF! -> #REF! | F13: =(E13/D13)*1000 -> #REF! | G13: =#REF!+#REF!+#REF!+#REF!+#REF!+#REF!+#REF!+#REF!+#REF!+Moovee!A13+#REF!+#REF!+#REF! -> #REF! | H13: =(G13/D13)*1000 -> #REF! | I13: =D13/1000*2 -> 16.518 | J13: =I13-G13 -> #REF! | K13: =J13*0.05 -> #REF! | L13: =J13*0.1 -> #REF! | M13: =J13*0.15 -> #REF! | N13: =J13*0.2 -> #REF! | O13: =J13*0.233333 -> #REF! | P13: =J13*0.266667 -> #REF! | Q13: =J13*0.0158729999 -> #REF! | R13: =J13*0.031746 -> #REF! | S13: =J13*0.063492 -> #REF! | T13: =J13*0.126984 -> #REF! | U13: =J13*0.253968 -> #REF! | V13: =J13*0.507936 -> #REF!
A14: Asse | B14: Vlaams-Brabant | C14: 23002 | D14: 35755 | E14: =#REF!+#REF!+#REF!+#REF!+#REF!+#REF!+#REF!+GreenMobility!L14+#REF!+#REF!+#REF!+Partago!L14+#REF!+#REF!+#REF! -> #REF! | F14: =(E14/D14)*1000 -> #REF! | G14: =#REF!+#REF!+#REF!+#REF!+#REF!+#REF!+#REF!+#REF!+#REF!+Moovee!A14+#REF!+#REF!+#REF! -> #REF! | H14: =(G14/D14)*1000 -> #REF! | I14: =D14/1000*2 -> 71.51 | J14: =I14-G14 -> #REF! | K14: =J14*0.05 -> #REF! | L14: =J14*0.1 -> #REF! | M14: =J14*0.15 -> #REF! | N14: =J14*0.2 -> #REF! | O14: =J14*0.233333 -> #REF! | P14: =J14*0.266667 -> #REF! | Q14: =J14*0.0158729999 -> #REF! | R14: =J14*0.031746 -> #REF! | S14: =J14*0.063492 -> #REF! | T14: =J14*0.126984 -> #REF! | U14: =J14*0.253968 -> #REF! | V14: =J14*0.507936 -> #REF!
A15: Assenede | B15: Oost-Vlaanderen | C15: 43002 | D15: 14650 | E15: =#REF!+#REF!+#REF!+#REF!+#REF!+#REF!+#REF!+GreenMobility!L15+#REF!+#REF!+#REF!+Partago!L15+#REF!+#REF!+#REF! -> #REF! | F15: =(E15/D15)*1000 -> #REF! | G15: =#REF!+#REF!+#REF!+#REF!+#REF!+#REF!+#REF!+#REF!+#REF!+Moovee!A15+#REF!+#REF!+#REF! -> #REF! | H15: =(G15/D15)*1000 -> #REF! | I15: =D15/1000*2 -> 29.3 | J15: =I15-G15 -> #REF! | K15: =J15*0.05 -> #REF! | L15: =J15*0.1 -> #REF! | M15: =J15*0.15 -> #REF! | N15: =J15*0.2 -> #REF! | O15: =J15*0.233333 -> #REF! | P15: =J15*0.266667 -> #REF! | Q15: =J15*0.0158729999 -> #REF! | R15: =J15*0.031746 -> #REF! | S15: =J15*0.063492 -> #REF! | T15: =J15*0.126984 -> #REF! | U15: =J15*0.253968 -> #REF! | V15: =J15*0.507936 -> #REF!
A16: Avelgem | B16: West-Vlaanderen | C16: 34003 | D16: 10406 | E16: =#REF!+#REF!+#REF!+#REF!+#REF!+#REF!+#REF!+GreenMobility!L16+#REF!+#REF!+#REF!+Partago!L16+#REF!+#REF!+#REF! -> #REF! | F16: =(E16/D16)*1000 -> #REF! | G16: =#REF!+#REF!+#REF!+#REF!+#REF!+#REF!+#REF!+#REF!+#REF!+Moovee!A16+#REF!+#REF!+#REF! -> #REF! | H16: =(G16/D16)*1000 -> #REF! | I16: =D16/1000*2 -> 20.812 | J16: =I16-G16 -> #REF! | K16: =J16*0.05 -> #REF! | L16: =J16*0.1 -> #REF! | M16: =J16*0.15 -> #REF! | N16: =J16*0.2 -> #REF! | O16: =J16*0.233333 -> #REF! | P16: =J16*0.266667 -> #REF! | Q16: =J16*0.0158729999 -> #REF! | R16: =J16*0.031746 -> #REF! | S16: =J16*0.063492 -> #REF! | T16: =J16*0.126984 -> #REF! | U16: =J16*0.253968 -> #REF! | V16: =J16*0.507936 -> #REF!
A17: Baarle-Hertog | B17: Antwerpen | C17: 13002 | D17: 3001 | E17: =#REF!+#REF!+#REF!+#REF!+#REF!+#REF!+#REF!+GreenMobility!L17+#REF!+#REF!+#REF!+Partago!L17+#REF!+#REF!+#REF! -> #REF! | F17: =(E17/D17)*1000 -> #REF! | G17: =#REF!+#REF!+#REF!+#REF!+#REF!+#REF!+#REF!+#REF!+#REF!+Moovee!A17+#REF!+#REF!+#REF! -> #REF! | H17: =(G17/D17)*1000 -> #REF! | I17: =D17/1000*2 -> 6.002 | J17: =I17-G17 -> #REF! | K17: =J17*0.05 -> #REF! | L17: =J17*0.1 -> #REF! | M17: =J17*0.15 -> #REF! | N17: =J17*0.2 -> #REF! | O17: =J17*0.233333 -> #REF! | P17: =J17*0.266667 -> #REF! | Q17: =J17*0.0158729999 -> #REF! | R17: =J17*0.031746 -> #REF! | S17: =J17*0.063492 -> #REF! | T17: =J17*0.126984 -> #REF! | U17: =J17*0.253968 -> #REF! | V17: =J17*0.507936 -> #REF!
A18: Balen | B18: Antwerpen | C18: 13003 | D18: 23523 | E18: =#REF!+#REF!+#REF!+#REF!+#REF!+#REF!+#REF!+GreenMobility!L18+#REF!+#REF!+#REF!+Partago!L18+#REF!+#REF!+#REF! -> #REF! | F18: =(E18/D18)*1000 -> #REF! | G18: =#REF!+#REF!+#REF!+#REF!+#REF!+#REF!+#REF!+#REF!+#REF!+Moovee!A18+#REF!+#REF!+#REF! -> #REF! | H18: =(G18/D18)*1000 -> #REF! | I18: =D18/1000*2 -> 47.046 | J18: =I18-G18 -> #REF! | K18: =J18*0.05 -> #REF! | L18: =J18*0.1 -> #REF! | M18: =J18*0.15 -> #REF! | N18: =J18*0.2 -> #REF! | O18: =J18*0.233333 -> #REF! | P18: =J18*0.266667 -> #REF! | Q18: =J18*0.0158729999 -> #REF! | R18: =J18*0.031746 -> #REF! | S18: =J18*0.063492 -> #REF! | T18: =J18*0.126984 -> #REF! | U18: =J18*0.253968 -> #REF! | V18: =J18*0.507936 -> #REF!
A19: Beernem | B19: West-Vlaanderen | C19: 31003 | D19: 16259 | E19: =#REF!+#REF!+#REF!+#REF!+#REF!+#REF!+#REF!+GreenMobility!L19+#REF!+#REF!+#REF!+Partago!L19+#REF!+#REF!+#REF! -> #REF! | F19: =(E19/D19)*1000 -> #REF! | G19: =#REF!+#REF!+#REF!+#REF!+#REF!+#REF!+#REF!+#REF!+#REF!+Moovee!A19+#REF!+#REF!+#REF! -> #REF! | H19: =(G19/D19)*1000 -> #REF! | I19: =D19/1000*2 -> 32.518 | J19: =I19-G19 -> #REF! | K19: =J19*0.05 -> #REF! | L19: =J19*0.1 -> #REF! | M19: =J19*0.15 -> #REF! | N19: =J19*0.2 -> #REF! | O19: =J19*0.233333 -> #REF! | P19: =J19*0.266667 -> #REF! | Q19: =J19*0.0158729999 -> #REF! | R19: =J19*0.031746 -> #REF! | S19: =J19*0.063492 -> #REF! | T19: =J19*0.126984 -> #REF! | U19: =J19*0.253968 -> #REF! | V19: =J19*0.507936 -> #REF!
A20: Beerse | B20: Antwerpen | C20: 13004 | D20: 18601 | E20: =#REF!+#REF!+#REF!+#REF!+#REF!+#REF!+#REF!+GreenMobility!L20+#REF!+#REF!+#REF!+Partago!L20+#REF!+#REF!+#REF! -> #REF! | F20: =(E20/D20)*1000 -> #REF! | G20: =#REF!+#REF!+#REF!+#REF!+#REF!+#REF!+#REF!+#REF!+#REF!+Moovee!A20+#REF!+#REF!+#REF! -> #REF! | H20: =(G20/D20)*1000 -> #REF! | I20: =D20/1000*2 -> 37.202 | J20: =I20-G20 -> #REF! | K20: =J20*0.05 -> #REF! | L20: =J20*0.1 -> #REF! | M20: =J20*0.15 -> #REF! | N20: =J20*0.2 -> #REF! | O20: =J20*0.233333 -> #REF! | P20: =J20*0.266667 -> #REF! | Q20: =J20*0.0158729999 -> #REF! | R20: =J20*0.031746 -> #REF! | S20: =J20*0.063492 -> #REF! | T20: =J20*0.126984 -> #REF! | U20: =J20*0.253968 -> #REF! | V20: =J20*0.507936 -> #REF!
A21: Beersel | B21: Vlaams-Brabant | C21: 23003 | D21: 26505 | E21: =#REF!+#REF!+#REF!+#REF!+#REF!+#REF!+#REF!+GreenMobility!L21+#REF!+#REF!+#REF!+Partago!L21+#REF!+#REF!+#REF! -> #REF! | F21: =(E21/D21)*1000 -> #REF! | G21: =#REF!+#REF!+#REF!+#REF!+#REF!+#REF!+#REF!+#REF!+#REF!+Moovee!A21+#REF!+#REF!+#REF! -> #REF! | H21: =(G21/D21)*1000 -> #REF! | I21: =D21/1000*2 -> 53.01 | J21: =I21-G21 -> #REF! | K21: =J21*0.05 -> #REF! | L21: =J21*0.1 -> #REF! | M21: =J21*0.15 -> #REF! | N21: =J21*0.2 -> #REF! | O21: =J21*0.233333 -> #REF! | P21: =J21*0.266667 -> #REF! | Q21: =J21*0.0158729999 -> #REF! | R21: =J21*0.031746 -> #REF! | S21: =J21*0.063492 -> #REF! | T21: =J21*0.126984 -> #REF! | U21: =J21*0.253968 -> #REF! | V21: =J21*0.507936 -> #REF!
... A76: Genk | B76: Limburg | C76: 71016 | D76: 67877 | E76: =#REF!+#REF!+#REF!+#REF!+#REF!+#REF!+#REF!+GreenMobility!L76+#REF!+#REF!+#REF!+Partago!L76+#REF!+#REF!+#REF! -> #REF! | F76: =(E76/D76)*1000 -> #REF! | G76: =#REF!+#REF!+#REF!+#REF!+#REF!+#REF!+#REF!+#REF!+#REF!+Moovee!A76+#REF!+#REF!+#REF! -> #REF! | H76: =(G76/D76)*1000 -> #REF! | I76: =D76/1000*2 -> 135.754 | J76: =I76-G76 -> #REF! | K76: =J76*0.05 -> #REF! | L76: =J76*0.1 -> #REF! | M76: =J76*0.15 -> #REF! | N76: =J76*0.2 -> #REF! | O76: =J76*0.233333 -> #REF! | P76: =J76*0.266667 -> #REF! | Q76: =J76*0.0158729999 -> #REF! | R76: =J76*0.031746 -> #REF! | S76: =J76*0.063492 -> #REF! | T76: =J76*0.126984 -> #REF! | U76: =J76*0.253968 -> #REF! | V76: =J76*0.507936 -> #REF!
A77: Gent | B77: Oost-Vlaanderen | C77: 44021 | D77: 269597 | E77: =#REF!+#REF!+#REF!+#REF!+#REF!+#REF!+#REF!+GreenMobility!L77+#REF!+#REF!+#REF!+Partago!L77+#REF!+#REF!+#REF! -> #REF! | F77: =(E77/D77)*1000 -> #REF! | G77: =#REF!+#REF!+#REF!+#REF!+#REF!+#REF!+#REF!+#REF!+#REF!+Moovee!A77+#REF!+#REF!+#REF! -> #REF! | H77: =(G77/D77)*1000 -> #REF! | I77: =D77/1000*2 -> 539.194 | J77: =I77-G77 -> #REF!
A78: Geraardsbergen | B78: Oost-Vlaanderen | C78: 41018 | D78: 34999 | E78: =#REF!+#REF!+#REF!+#REF!+#REF!+#REF!+#REF!+GreenMobility!L78+#REF!+#REF!+#REF!+Partago!L78+#REF!+#REF!+#REF! -> #REF! | F78: =(E78/D78)*1000 -> #REF! | G78: =#REF!+#REF!+#REF!+#REF!+#REF!+#REF!+#REF!+#REF!+#REF!+Moovee!A78+#REF!+#REF!+#REF! -> #REF! | H78: =(G78/D78)*1000 -> #REF! | I78: =D78/1000*2 -> 69.998 | J78: =I78-G78 -> #REF! | K78: =J78*0.05 -> #REF! | L78: =J78*0.1 -> #REF! | M78: =J78*0.15 -> #REF! | N78: =J78*0.2 -> #REF! | O78: =J78*0.233333 -> #REF! | P78: =J78*0.266667 -> #REF! | Q78: =J78*0.0158729999 -> #REF! | R78: =J78*0.031746 -> #REF! | S78: =J78*0.063492 -> #REF! | T78: =J78*0.126984 -> #REF! | U78: =J78*0.253968 -> #REF! | V78: =J78*0.507936 -> #REF!
A79: Gingelom | B79: Limburg | C79: 71017 | D79: 8732 | E79: =#REF!+#REF!+#REF!+#REF!+#REF!+#REF!+#REF!+GreenMobility!L79+#REF!+#REF!+#REF!+Partago!L79+#REF!+#REF!+#REF! -> #REF! | F79: =(E79/D79)*1000 -> #REF! | G79: =#REF!+#REF!+#REF!+#REF!+#REF!+#REF!+#REF!+#REF!+#REF!+Moovee!A79+#REF!+#REF!+#REF! -> #REF! | H79: =(G79/D79)*1000 -> #REF! | I79: =D79/1000*2 -> 17.464 | J79: =I79-G79 -> #REF! | K79: =J79*0.05 -> #REF! | L79: =J79*0.1 -> #REF! | M79: =J79*0.15 -> #REF! | N79: =J79*0.2 -> #REF! | O79: =J79*0.233333 -> #REF! | P79: =J79*0.266667 -> #REF! | Q79: =J79*0.0158729999 -> #REF! | R79: =J79*0.031746 -> #REF! | S79: =J79*0.063492 -> #REF! | T79: =J79*0.126984 -> #REF! | U79: =J79*0.253968 -> #REF! | V79: =J79*0.507936 -> #REF!
A80: Gistel | B80: West-Vlaanderen | C80: 35005 | D80: 12244 | E80: =#REF!+#REF!+#REF!+#REF!+#REF!+#REF!+#REF!+GreenMobility!L80+#REF!+#REF!+#REF!+Partago!L80+#REF!+#REF!+#REF! -> #REF! | F80: =(E80/D80)*1000 -> #REF! | G80: =#REF!+#REF!+#REF!+#REF!+#REF!+#REF!+#REF!+#REF!+#REF!+Moovee!A80+#REF!+#REF!+#REF! -> #REF! | H80: =(G80/D80)*1000 -> #REF! | I80: =D80/1000*2 -> 24.488 | J80: =I80-G80 -> #REF! | K80: =J80*0.05 -> #REF! | L80: =J80*0.1 -> #REF! | M80: =J80*0.15 -> #REF! | N80: =J80*0.2 -> #REF! | O80: =J80*0.233333 -> #REF! | P80: =J80*0.266667 -> #REF! | Q80: =J80*0.0158729999 -> #REF! | R80: =J80*0.031746 -> #REF! | S80: =J80*0.063492 -> #REF! | T80: =J80*0.126984 -> #REF! | U80: =J80*0.253968 -> #REF! | V80: =J80*0.507936 -> #REF!
A81: Glabbeek | B81: Vlaams-Brabant | C81: 24137 | D81: 5425 | E81: =#REF!+#REF!+#REF!+#REF!+#REF!+#REF!+#REF!+GreenMobility!L81+#REF!+#REF!+#REF!+Partago!L81+#REF!+#REF!+#REF! -> #REF! | F81: =(E81/D81)*1000 -> #REF! | G81: =#REF!+#REF!+#REF!+#REF!+#REF!+#REF!+#REF!+#REF!+#REF!+Moovee!A81+#REF!+#REF!+#REF! -> #REF! | H81: =(G81/D81)*1000 -> #REF! | I81: =D81/1000*2 -> 10.85 | J81: =I81-G81 -> #REF! | K81: =J81*0.05 -> #REF! | L81: =J81*0.1 -> #REF! | M81: =J81*0.15 -> #REF! | N81: =J81*0.2 -> #REF! | O81: =J81*0.233333 -> #REF! | P81: =J81*0.266667 -> #REF! | Q81: =J81*0.0158729999 -> #REF! | R81: =J81*0.031746 -> #REF! | S81: =J81*0.063492 -> #REF! | T81: =J81*0.126984 -> #REF! | U81: =J81*0.253968 -> #REF! | V81: =J81*0.507936 -> #REF!
A82: Gooik | B82: Vlaams-Brabant | C82: 23024 | D82: 9527 | E82: =#REF!+#REF!+#REF!+#REF!+#REF!+#REF!+#REF!+GreenMobility!L82+#REF!+#REF!+#REF!+Partago!L82+#REF!+#REF!+#REF! -> #REF! | F82: =(E82/D82)*1000 -> #REF! | G82: =#REF!+#REF!+#REF!+#REF!+#REF!+#REF!+#REF!+#REF!+#REF!+Moovee!A82+#REF!+#REF!+#REF! -> #REF! | H82: =(G82/D82)*1000 -> #REF! | I82: =D82/1000*2 -> 19.054 | J82: =I82-G82 -> #REF! | K82: =J82*0.05 -> #REF! | L82: =J82*0.1 -> #REF! | M82: =J82*0.15 -> #REF! | N82: =J82*0.2 -> #REF! | O82: =J82*0.233333 -> #REF! | P82: =J82*0.266667 -> #REF! | Q82: =J82*0.0158729999 -> #REF! | R82: =J82*0.031746 -> #REF! | S82: =J82*0.063492 -> #REF! | T82: =J82*0.126984 -> #REF! | U82: =J82*0.253968 -> #REF! | V82: =J82*0.507936 -> #REF!
A83: Grimbergen | B83: Vlaams-Brabant | C83: 23025 | D83: 39860 | E83: =#REF!+#REF!+#REF!+#REF!+#REF!+#REF!+#REF!+GreenMobility!L83+#REF!+#REF!+#REF!+Partago!L83+#REF!+#REF!+#REF! -> #REF! | F83: =(E83/D83)*1000 -> #REF! | G83: =#REF!+#REF!+#REF!+#REF!+#REF!+#REF!+#REF!+#REF!+#REF!+Moovee!A83+#REF!+#REF!+#REF! -> #REF! | H83: =(G83/D83)*1000 -> #REF! | I83: =D83/1000*2 -> 79.72 | J83: =I83-G83 -> #REF! | K83: =J83*0.05 -> #REF! | L83: =J83*0.1 -> #REF! | M83: =J83*0.15 -> #REF! | N83: =J83*0.2 -> #REF! | O83: =J83*0.233333 -> #REF! | P83: =J83*0.266667 -> #REF! | Q83: =J83*0.0158729999 -> #REF! | R83: =J83*0.031746 -> #REF! | S83: =J83*0.063492 -> #REF! | T83: =J83*0.126984 -> #REF! | U83: =J83*0.253968 -> #REF! | V83: =J83*0.507936 -> #REF!
A84: Grobbendonk | B84: Antwerpen | C84: 13010 | D84: 11607 | E84: =#REF!+#REF!+#REF!+#REF!+#REF!+#REF!+#REF!+GreenMobility!L84+#REF!+#REF!+#REF!+Partago!L84+#REF!+#REF!+#REF! -> #REF! | F84: =(E84/D84)*1000 -> #REF! | G84: =#REF!+#REF!+#REF!+#REF!+#REF!+#REF!+#REF!+#REF!+#REF!+Moovee!A84+#REF!+#REF!+#REF! -> #REF! | H84: =(G84/D84)*1000 -> #REF! | I84: =D84/1000*2 -> 23.214 | J84: =I84-G84 -> #REF! | K84: =J84*0.05 -> #REF! | L84: =J84*0.1 -> #REF! | M84: =J84*0.15 -> #REF! | N84: =J84*0.2 -> #REF! | O84: =J84*0.233333 -> #REF! | P84: =J84*0.266667 -> #REF! | Q84: =J84*0.0158729999 -> #REF! | R84: =J84*0.031746 -> #REF! | S84: =J84*0.063492 -> #REF! | T84: =J84*0.126984 -> #REF! | U84: =J84*0.253968 -> #REF! | V84: =J84*0.507936 -> #REF!
A85: Haacht | B85: Vlaams-Brabant | C85: 24033 | D85: 15516 | E85: =#REF!+#REF!+#REF!+#REF!+#REF!+#REF!+#REF!+GreenMobility!L85+#REF!+#REF!+#REF!+Partago!L85+#REF!+#REF!+#REF! -> #REF! | F85: =(E85/D85)*1000 -> #REF! | G85: =#REF!+#REF!+#REF!+#REF!+#REF!+#REF!+#REF!+#REF!+#REF!+Moovee!A85+#REF!+#REF!+#REF! -> #REF! | H85: =(G85/D85)*1000 -> #REF! | I85: =D85/1000*2 -> 31.032 | J85: =I85-G85 -> #REF! | K85: =J85*0.05 -> #REF! | L85: =J85*0.1 -> #REF! | M85: =J85*0.15 -> #REF! | N85: =J85*0.2 -> #REF! | O85: =J85*0.233333 -> #REF! | P85: =J85*0.266667 -> #REF! | Q85: =J85*0.0158729999 -> #REF! | R85: =J85*0.031746 -> #REF! | S85: =J85*0.063492 -> #REF! | T85: =J85*0.126984 -> #REF! | U85: =J85*0.253968 -> #REF! | V85: =J85*0.507936 -> #REF!
A86: Haaltert | B86: Oost-Vlaanderen | C86: 41024 | D86: 19402 | E86: =#REF!+#REF!+#REF!+#REF!+#REF!+#REF!+#REF!+GreenMobility!L86+#REF!+#REF!+#REF!+Partago!L86+#REF!+#REF!+#REF! -> #REF! | F86: =(E86/D86)*1000 -> #REF! | G86: =#REF!+#REF!+#REF!+#REF!+#REF!+#REF!+#REF!+#REF!+#REF!+Moovee!A86+#REF!+#REF!+#REF! -> #REF! | H86: =(G86/D86)*1000 -> #REF! | I86: =D86/1000*2 -> 38.804 | J86: =I86-G86 -> #REF! | K86: =J86*0.05 -> #REF! | L86: =J86*0.1 -> #REF! | M86: =J86*0.15 -> #REF! | N86: =J86*0.2 -> #REF! | O86: =J86*0.233333 -> #REF! | P86: =J86*0.266667 -> #REF! | Q86: =J86*0.0158729999 -> #REF! | R86: =J86*0.031746 -> #REF! | S86: =J86*0.063492 -> #REF! | T86: =J86*0.126984 -> #REF! | U86: =J86*0.253968 -> #REF! | V86: =J86*0.507936 -> #REF!
A87: Halen | B87: Limburg | C87: 71020 | D87: 9545 | E87: =#REF!+#REF!+#REF!+#REF!+#REF!+#REF!+#REF!+GreenMobility!L87+#REF!+#REF!+#REF!+Partago!L87+#REF!+#REF!+#REF! -> #REF! | F87: =(E87/D87)*1000 -> #REF! | G87: =#REF!+#REF!+#REF!+#REF!+#REF!+#REF!+#REF!+#REF!+#REF!+Moovee!A87+#REF!+#REF!+#REF! -> #REF! | H87: =(G87/D87)*1000 -> #REF! | I87: =D87/1000*2 -> 19.09 | J87: =I87-G87 -> #REF! | K87: =J87*0.05 -> #REF! | L87: =J87*0.1 -> #REF! | M87: =J87*0.15 -> #REF! | N87: =J87*0.2 -> #REF! | O87: =J87*0.233333 -> #REF! | P87: =J87*0.266667 -> #REF! | Q87: =J87*0.0158729999 -> #REF! | R87: =J87*0.031746 -> #REF! | S87: =J87*0.063492 -> #REF! | T87: =J87*0.126984 -> #REF! | U87: =J87*0.253968 -> #REF! | V87: =J87*0.507936 -> #REF!
A88: Halle | B88: Vlaams-Brabant | C88: 23027 | D88: 42595 | E88: =#REF!+#REF!+#REF!+#REF!+#REF!+#REF!+#REF!+GreenMobility!L88+#REF!+#REF!+#REF!+Partago!L88+#REF!+#REF!+#REF! -> #REF! | F88: =(E88/D88)*1000 -> #REF! | G88: =#REF!+#REF!+#REF!+#REF!+#REF!+#REF!+#REF!+#REF!+#REF!+Moovee!A88+#REF!+#REF!+#REF! -> #REF! | H88: =(G88/D88)*1000 -> #REF! | I88: =D88/1000*2 -> 85.19 | J88: =I88-G88 -> #REF! | K88: =J88*0.05 -> #REF! | L88: =J88*0.1 -> #REF! | M88: =J88*0.15 -> #REF! | N88: =J88*0.2 -> #REF! | O88: =J88*0.233333 -> #REF! | P88: =J88*0.266667 -> #REF! | Q88: =J88*0.0158729999 -> #REF! | R88: =J88*0.031746 -> #REF! | S88: =J88*0.063492 -> #REF! | T88: =J88*0.126984 -> #REF! | U88: =J88*0.253968 -> #REF! | V88: =J88*0.507936 -> #REF!
A89: Ham | B89: Limburg | C89: 71069 | D89: 11338 | E89: =#REF!+#REF!+#REF!+#REF!+#REF!+#REF!+#REF!+GreenMobility!L89+#REF!+#REF!+#REF!+Partago!L89+#REF!+#REF!+#REF! -> #REF! | F89: =(E89/D89)*1000 -> #REF! | G89: =#REF!+#REF!+#REF!+#REF!+#REF!+#REF!+#REF!+#REF!+#REF!+Moovee!A89+#REF!+#REF!+#REF! -> #REF! | H89: =(G89/D89)*1000 -> #REF! | I89: =D89/1000*2 -> 22.676 | J89: =I89-G89 -> #REF! | K89: =J89*0.05 -> #REF! | L89: =J89*0.1 -> #REF! | M89: =J89*0.15 -> #REF! | N89: =J89*0.2 -> #REF! | O89: =J89*0.233333 -> #REF! | P89: =J89*0.266667 -> #REF! | Q89: =J89*0.0158729999 -> #REF! | R89: =J89*0.031746 -> #REF! | S89: =J89*0.063492 -> #REF! | T89: =J89*0.126984 -> #REF! | U89: =J89*0.253968 -> #REF! | V89: =J89*0.507936 -> #REF!
... A157: Leopoldsburg | B157: Limburg | C157: 71034 | D157: 16607 | E157: =#REF!+#REF!+#REF!+#REF!+#REF!+#REF!+#REF!+GreenMobility!L157+#REF!+#REF!+#REF!+Partago!L157+#REF!+#REF!+#REF! -> #REF! | F157: =(E157/D157)*1000 -> #REF! | G157: =#REF!+#REF!+#REF!+#REF!+#REF!+#REF!+#REF!+#REF!+#REF!+Moovee!A157+#REF!+#REF!+#REF! -> #REF! | H157: =(G157/D157)*1000 -> #REF! | I157: =D157/1000*2 -> 33.214 | J157: =I157-G157 -> #REF! | K157: =J157*0.05 -> #REF! | L157: =J157*0.1 -> #REF! | M157: =J157*0.15 -> #REF! | N157: =J157*0.2 -> #REF! | O157: =J157*0.233333 -> #REF! | P157: =J157*0.266667 -> #REF! | Q157: =J157*0.0158729999 -> #REF! | R157: =J157*0.031746 -> #REF! | S157: =J157*0.063492 -> #REF! | T157: =J157*0.126984 -> #REF! | U157: =J157*0.253968 -> #REF! | V157: =J157*0.507936 -> #REF!
A158: Leuven | B158: Vlaams-Brabant | C158: 24062 | D158: 104009 | E158: =#REF!+#REF!+#REF!+#REF!+#REF!+#REF!+#REF!+GreenMobility!L158+#REF!+#REF!+#REF!+Partago!L158+#REF!+#REF!+#REF! -> #REF! | F158: =(E158/D158)*1000 -> #REF! | G158: =#REF!+#REF!+#REF!+#REF!+#REF!+#REF!+#REF!+#REF!+#REF!+Moovee!A158+#REF!+#REF!+#REF! -> #REF! | H158: =(G158/D158)*1000 -> #REF! | I158: =D158/1000*2 -> 208.018 | J158: =I158-G158 -> #REF!
A159: Lichtervelde | B159: West-Vlaanderen | C159: 36011 | D159: 9319 | E159: =#REF!+#REF!+#REF!+#REF!+#REF!+#REF!+#REF!+GreenMobility!L159+#REF!+#REF!+#REF!+Partago!L159+#REF!+#REF!+#REF! -> #REF! | F159: =(E159/D159)*1000 -> #REF! | G159: =#REF!+#REF!+#REF!+#REF!+#REF!+#REF!+#REF!+#REF!+#REF!+Moovee!A159+#REF!+#REF!+#REF! -> #REF! | H159: =(G159/D159)*1000 -> #REF! | I159: =D159/1000*2 -> 18.638 | J159: =I159-G159 -> #REF! | K159: =J159*0.05 -> #REF! | L159: =J159*0.1 -> #REF! | M159: =J159*0.15 -> #REF! | N159: =J159*0.2 -> #REF! | O159: =J159*0.233333 -> #REF! | P159: =J159*0.266667 -> #REF! | Q159: =J159*0.0158729999 -> #REF! | R159: =J159*0.031746 -> #REF! | S159: =J159*0.063492 -> #REF! | T159: =J159*0.126984 -> #REF! | U159: =J159*0.253968 -> #REF! | V159: =J159*0.507936 -> #REF!
A160: Liedekerke | B160: Vlaams-Brabant | C160: 23044 | D160: 14013 | E160: =#REF!+#REF!+#REF!+#REF!+#REF!+#REF!+#REF!+GreenMobility!L160+#REF!+#REF!+#REF!+Partago!L160+#REF!+#REF!+#REF! -> #REF! | F160: =(E160/D160)*1000 -> #REF! | G160: =#REF!+#REF!+#REF!+#REF!+#REF!+#REF!+#REF!+#REF!+#REF!+Moovee!A160+#REF!+#REF!+#REF! -> #REF! | H160: =(G160/D160)*1000 -> #REF! | I160: =D160/1000*2 -> 28.026 | J160: =I160-G160 -> #REF! | K160: =J160*0.05 -> #REF! | L160: =J160*0.1 -> #REF! | M160: =J160*0.15 -> #REF! | N160: =J160*0.2 -> #REF! | O160: =J160*0.233333 -> #REF! | P160: =J160*0.266667 -> #REF! | Q160: =J160*0.0158729999 -> #REF! | R160: =J160*0.031746 -> #REF! | S160: =J160*0.063492 -> #REF! | T160: =J160*0.126984 -> #REF! | U160: =J160*0.253968 -> #REF! | V160: =J160*0.507936 -> #REF!
A161: Lier | B161: Antwerpen | C161: 12021 | D161: 38210 | E161: =#REF!+#REF!+#REF!+#REF!+#REF!+#REF!+#REF!+GreenMobility!L161+#REF!+#REF!+#REF!+Partago!L161+#REF!+#REF!+#REF! -> #REF! | F161: =(E161/D161)*1000 -> #REF! | G161: =#REF!+#REF!+#REF!+#REF!+#REF!+#REF!+#REF!+#REF!+#REF!+Moovee!A161+#REF!+#REF!+#REF! -> #REF! | H161: =(G161/D161)*1000 -> #REF! | I161: =D161/1000*2 -> 76.42 | J161: =I161-G161 -> #REF! | K161: =J161*0.05 -> #REF! | L161: =J161*0.1 -> #REF! | M161: =J161*0.15 -> #REF! | N161: =J161*0.2 -> #REF! | O161: =J161*0.233333 -> #REF! | P161: =J161*0.266667 -> #REF! | Q161: =J161*0.0158729999 -> #REF! | R161: =J161*0.031746 -> #REF! | S161: =J161*0.063492 -> #REF! | T161: =J161*0.126984 -> #REF! | U161: =J161*0.253968 -> #REF! | V161: =J161*0.507936 -> #REF!
A162: Lierde | B162: Oost-Vlaanderen | C162: 45063 | D162: 6874 | E162: =#REF!+#REF!+#REF!+#REF!+#REF!+#REF!+#REF!+GreenMobility!L162+#REF!+#REF!+#REF!+Partago!L162+#REF!+#REF!+#REF! -> #REF! | F162: =(E162/D162)*1000 -> #REF! | G162: =#REF!+#REF!+#REF!+#REF!+#REF!+#REF!+#REF!+#REF!+#REF!+Moovee!A162+#REF!+#REF!+#REF! -> #REF! | H162: =(G162/D162)*1000 -> #REF! | I162: =D162/1000*2 -> 13.748 | J162: =I162-G162 -> #REF! | K162: =J162*0.05 -> #REF! | L162: =J162*0.1 -> #REF! | M162: =J162*0.15 -> #REF! | N162: =J162*0.2 -> #REF! | O162: =J162*0.233333 -> #REF! | P162: =J162*0.266667 -> #REF! | Q162: =J162*0.0158729999 -> #REF! | R162: =J162*0.031746 -> #REF! | S162: =J162*0.063492 -> #REF! | T162: =J162*0.126984 -> #REF! | U162: =J162*0.253968 -> #REF! | V162: =J162*0.507936 -> #REF!
A163: Lievegem | B163: Oost-Vlaanderen | C163: 44085 | D163: 27225 | E163: =#REF!+#REF!+#REF!+#REF!+#REF!+#REF!+#REF!+GreenMobility!L163+#REF!+#REF!+#REF!+Partago!L163+#REF!+#REF!+#REF! -> #REF! | F163: =(E163/D163)*1000 -> #REF! | G163: =#REF!+#REF!+#REF!+#REF!+#REF!+#REF!+#REF!+#REF!+#REF!+Moovee!A163+#REF!+#REF!+#REF! -> #REF! | H163: =(G163/D163)*1000 -> #REF! | I163: =D163/1000*2 -> 54.45 | J163: =I163-G163 -> #REF! | K163: =J163*0.05 -> #REF! | L163: =J163*0.1 -> #REF! | M163: =J163*0.15 -> #REF! | N163: =J163*0.2 -> #REF! | O163: =J163*0.233333 -> #REF! | P163: =J163*0.266667 -> #REF! | Q163: =J163*0.0158729999 -> #REF! | R163: =J163*0.031746 -> #REF! | S163: =J163*0.063492 -> #REF! | T163: =J163*0.126984 -> #REF! | U163: =J163*0.253968 -> #REF! | V163: =J163*0.507936 -> #REF!
A164: Lille | B164: Antwerpen | C164: 13019 | D164: 17026 | E164: =#REF!+#REF!+#REF!+#REF!+#REF!+#REF!+#REF!+GreenMobility!L164+#REF!+#REF!+#REF!+Partago!L164+#REF!+#REF!+#REF! -> #REF! | F164: =(E164/D164)*1000 -> #REF! | G164: =#REF!+#REF!+#REF!+#REF!+#REF!+#REF!+#REF!+#REF!+#REF!+Moovee!A164+#REF!+#REF!+#REF! -> #REF! | H164: =(G164/D164)*1000 -> #REF! | I164: =D164/1000*2 -> 34.052 | J164: =I164-G164 -> #REF! | K164: =J164*0.05 -> #REF! | L164: =J164*0.1 -> #REF! | M164: =J164*0.15 -> #REF! | N164: =J164*0.2 -> #REF! | O164: =J164*0.233333 -> #REF! | P164: =J164*0.266667 -> #REF! | Q164: =J164*0.0158729999 -> #REF! | R164: =J164*0.031746 -> #REF! | S164: =J164*0.063492 -> #REF! | T164: =J164*0.126984 -> #REF! | U164: =J164*0.253968 -> #REF! | V164: =J164*0.507936 -> #REF!
A165: Linkebeek | B165: Vlaams-Brabant | C165: 23100 | D165: 4674 | E165: =#REF!+#REF!+#REF!+#REF!+#REF!+#REF!+#REF!+GreenMobility!L165+#REF!+#REF!+#REF!+Partago!L165+#REF!+#REF!+#REF! -> #REF! | F165: =(E165/D165)*1000 -> #REF! | G165: =#REF!+#REF!+#REF!+#REF!+#REF!+#REF!+#REF!+#REF!+#REF!+Moovee!A165+#REF!+#REF!+#REF! -> #REF! | H165: =(G165/D165)*1000 -> #REF! | I165: =D165/1000*2 -> 9.348 | J165: =I165-G165 -> #REF! | K165: =J165*0.05 -> #REF! | L165: =J165*0.1 -> #REF! | M165: =J165*0.15 -> #REF! | N165: =J165*0.2 -> #REF! | O165: =J165*0.233333 -> #REF! | P165: =J165*0.266667 -> #REF! | Q165: =J165*0.0158729999 -> #REF! | R165: =J165*0.031746 -> #REF! | S165: =J165*0.063492 -> #REF! | T165: =J165*0.126984 -> #REF! | U165: =J165*0.253968 -> #REF! | V165: =J165*0.507936 -> #REF!
A166: Lint | B166: Antwerpen | C166: 11025 | D166: 8505 | E166: =#REF!+#REF!+#REF!+#REF!+#REF!+#REF!+#REF!+GreenMobility!L166+#REF!+#REF!+#REF!+Partago!L166+#REF!+#REF!+#REF! -> #REF! | F166: =(E166/D166)*1000 -> #REF! | G166: =#REF!+#REF!+#REF!+#REF!+#REF!+#REF!+#REF!+#REF!+#REF!+Moovee!A166+#REF!+#REF!+#REF! -> #REF! | H166: =(G166/D166)*1000 -> #REF! | I166: =D166/1000*2 -> 17.01 | J166: =I166-G166 -> #REF! | K166: =J166*0.05 -> #REF! | L166: =J166*0.1 -> #REF! | M166: =J166*0.15 -> #REF! | N166: =J166*0.2 -> #REF! | O166: =J166*0.233333 -> #REF! | P166: =J166*0.266667 -> #REF! | Q166: =J166*0.0158729999 -> #REF! | R166: =J166*0.031746 -> #REF! | S166: =J166*0.063492 -> #REF! | T166: =J166*0.126984 -> #REF! | U166: =J166*0.253968 -> #REF! | V166: =J166*0.507936 -> #REF!
A167: Linter | B167: Vlaams-Brabant | C167: 24133 | D167: 7323 | E167: =#REF!+#REF!+#REF!+#REF!+#REF!+#REF!+#REF!+GreenMobility!L167+#REF!+#REF!+#REF!+Partago!L167+#REF!+#REF!+#REF! -> #REF! | F167: =(E167/D167)*1000 -> #REF! | G167: =#REF!+#REF!+#REF!+#REF!+#REF!+#REF!+#REF!+#REF!+#REF!+Moovee!A167+#REF!+#REF!+#REF! -> #REF! | H167: =(G167/D167)*1000 -> #REF! | I167: =D167/1000*2 -> 14.646 | J167: =I167-G167 -> #REF! | K167: =J167*0.05 -> #REF! | L167: =J167*0.1 -> #REF! | M167: =J167*0.15 -> #REF! | N167: =J167*0.2 -> #REF! | O167: =J167*0.233333 -> #REF! | P167: =J167*0.266667 -> #REF! | Q167: =J167*0.0158729999 -> #REF! | R167: =J167*0.031746 -> #REF! | S167: =J167*0.063492 -> #REF! | T167: =J167*0.126984 -> #REF! | U167: =J167*0.253968 -> #REF! | V167: =J167*0.507936 -> #REF!
A168: Lochristi | B168: Oost-Vlaanderen | C168: 44034 | D168: 23028 | E168: =#REF!+#REF!+#REF!+#REF!+#REF!+#REF!+#REF!+GreenMobility!L168+#REF!+#REF!+#REF!+Partago!L168+#REF!+#REF!+#REF! -> #REF! | F168: =(E168/D168)*1000 -> #REF! | G168: =#REF!+#REF!+#REF!+#REF!+#REF!+#REF!+#REF!+#REF!+#REF!+Moovee!A168+#REF!+#REF!+#REF! -> #REF! | H168: =(G168/D168)*1000 -> #REF! | I168: =D168/1000*2 -> 46.056 | J168: =I168-G168 -> #REF! | K168: =J168*0.05 -> #REF! | L168: =J168*0.1 -> #REF! | M168: =J168*0.15 -> #REF! | N168: =J168*0.2 -> #REF! | O168: =J168*0.233333 -> #REF! | P168: =J168*0.266667 -> #REF! | Q168: =J168*0.0158729999 -> #REF! | R168: =J168*0.031746 -> #REF! | S168: =J168*0.063492 -> #REF! | T168: =J168*0.126984 -> #REF! | U168: =J168*0.253968 -> #REF! | V168: =J168*0.507936 -> #REF!
A169: Lokeren | B169: Oost-Vlaanderen | C169: 46014 | D169: 43554 | E169: =#REF!+#REF!+#REF!+#REF!+#REF!+#REF!+#REF!+GreenMobility!L169+#REF!+#REF!+#REF!+Partago!L169+#REF!+#REF!+#REF! -> #REF! | F169: =(E169/D169)*1000 -> #REF! | G169: =#REF!+#REF!+#REF!+#REF!+#REF!+#REF!+#REF!+#REF!+#REF!+Moovee!A169+#REF!+#REF!+#REF! -> #REF! | H169: =(G169/D169)*1000 -> #REF! | I169: =D169/1000*2 -> 87.108 | J169: =I169-G169 -> #REF! | K169: =J169*0.05 -> #REF! | L169: =J169*0.1 -> #REF! | M169: =J169*0.15 -> #REF! | N169: =J169*0.2 -> #REF! | O169: =J169*0.233333 -> #REF! | P169: =J169*0.266667 -> #REF! | Q169: =J169*0.0158729999 -> #REF! | R169: =J169*0.031746 -> #REF! | S169: =J169*0.063492 -> #REF! | T169: =J169*0.126984 -> #REF! | U169: =J169*0.253968 -> #REF! | V169: =J169*0.507936 -> #REF!
A170: Lommel | B170: Limburg | C170: 72020 | D170: 34913 | E170: =#REF!+#REF!+#REF!+#REF!+#REF!+#REF!+#REF!+GreenMobility!L170+#REF!+#REF!+#REF!+Partago!L170+#REF!+#REF!+#REF! -> #REF! | F170: =(E170/D170)*1000 -> #REF! | G170: =#REF!+#REF!+#REF!+#REF!+#REF!+#REF!+#REF!+#REF!+#REF!+Moovee!A170+#REF!+#REF!+#REF! -> #REF! | H170: =(G170/D170)*1000 -> #REF! | I170: =D170/1000*2 -> 69.826 | J170: =I170-G170 -> #REF! | K170: =J170*0.05 -> #REF! | L170: =J170*0.1 -> #REF! | M170: =J170*0.15 -> #REF! | N170: =J170*0.2 -> #REF! | O170: =J170*0.233333 -> #REF! | P170: =J170*0.266667 -> #REF! | Q170: =J170*0.0158729999 -> #REF! | R170: =J170*0.031746 -> #REF! | S170: =J170*0.063492 -> #REF! | T170: =J170*0.126984 -> #REF! | U170: =J170*0.253968 -> #REF! | V170: =J170*0.507936 -> #REF!
... A188: Merksplas | B188: Antwerpen | C188: 13023 | D188: 8883 | E188: =#REF!+#REF!+#REF!+#REF!+#REF!+#REF!+#REF!+GreenMobility!L188+#REF!+#REF!+#REF!+Partago!L188+#REF!+#REF!+#REF! -> #REF! | F188: =(E188/D188)*1000 -> #REF! | G188: =#REF!+#REF!+#REF!+#REF!+#REF!+#REF!+#REF!+#REF!+#REF!+Moovee!A188+#REF!+#REF!+#REF! -> #REF! | H188: =(G188/D188)*1000 -> #REF! | I188: =D188/1000*2 -> 17.766 | J188: =I188-G188 -> #REF! | K188: =J188*0.05 -> #REF! | L188: =J188*0.1 -> #REF! | M188: =J188*0.15 -> #REF! | N188: =J188*0.2 -> #REF! | O188: =J188*0.233333 -> #REF! | P188: =J188*0.266667 -> #REF! | Q188: =J188*0.0158729999 -> #REF! | R188: =J188*0.031746 -> #REF! | S188: =J188*0.063492 -> #REF! | T188: =J188*0.126984 -> #REF! | U188: =J188*0.253968 -> #REF! | V188: =J188*0.507936 -> #REF!
A189: Mesen | B189: West-Vlaanderen | C189: 33016 | D189: 1075 | E189: =#REF!+#REF!+#REF!+#REF!+#REF!+#REF!+#REF!+GreenMobility!L189+#REF!+#REF!+#REF!+Partago!L189+#REF!+#REF!+#REF! -> #REF! | F189: =(E189/D189)*1000 -> #REF! | G189: =#REF!+#REF!+#REF!+#REF!+#REF!+#REF!+#REF!+#REF!+#REF!+Moovee!A189+#REF!+#REF!+#REF! -> #REF! | H189: =(G189/D189)*1000 -> #REF! | I189: =D189/1000*2 -> 2.15 | J189: =I189-G189 -> #REF!
A190: Meulebeke | B190: West-Vlaanderen | C190: 37007 | D190: 11123 | E190: =#REF!+#REF!+#REF!+#REF!+#REF!+#REF!+#REF!+GreenMobility!L190+#REF!+#REF!+#REF!+Partago!L190+#REF!+#REF!+#REF! -> #REF! | F190: =(E190/D190)*1000 -> #REF! | G190: =#REF!+#REF!+#REF!+#REF!+#REF!+#REF!+#REF!+#REF!+#REF!+Moovee!A190+#REF!+#REF!+#REF! -> #REF! | H190: =(G190/D190)*1000 -> #REF! | I190: =D190/1000*2 -> 22.246 | J190: =I190-G190 -> #REF! | K190: =J190*0.05 -> #REF! | L190: =J190*0.1 -> #REF! | M190: =J190*0.15 -> #REF! | N190: =J190*0.2 -> #REF! | O190: =J190*0.233333 -> #REF! | P190: =J190*0.266667 -> #REF! | Q190: =J190*0.0158729999 -> #REF! | R190: =J190*0.031746 -> #REF! | S190: =J190*0.063492 -> #REF! | T190: =J190*0.126984 -> #REF! | U190: =J190*0.253968 -> #REF! | V190: =J190*0.507936 -> #REF!
A191: Middelkerke | B191: West-Vlaanderen | C191: 35011 | D191: 19855 | E191: =#REF!+#REF!+#REF!+#REF!+#REF!+#REF!+#REF!+GreenMobility!L191+#REF!+#REF!+#REF!+Partago!L191+#REF!+#REF!+#REF! -> #REF! | F191: =(E191/D191)*1000 -> #REF! | G191: =#REF!+#REF!+#REF!+#REF!+#REF!+#REF!+#REF!+#REF!+#REF!+Moovee!A191+#REF!+#REF!+#REF! -> #REF! | H191: =(G191/D191)*1000 -> #REF! | I191: =D191/1000*2 -> 39.71 | J191: =I191-G191 -> #REF! | K191: =J191*0.05 -> #REF! | L191: =J191*0.1 -> #REF! | M191: =J191*0.15 -> #REF! | N191: =J191*0.2 -> #REF! | O191: =J191*0.233333 -> #REF! | P191: =J191*0.266667 -> #REF! | Q191: =J191*0.0158729999 -> #REF! | R191: =J191*0.031746 -> #REF! | S191: =J191*0.063492 -> #REF! | T191: =J191*0.126984 -> #REF! | U191: =J191*0.253968 -> #REF! | V191: =J191*0.507936 -> #REF!
A192: Moerbeke | B192: Oost-Vlaanderen | C192: 44045 | D192: 6758 | E192: =#REF!+#REF!+#REF!+#REF!+#REF!+#REF!+#REF!+GreenMobility!L192+#REF!+#REF!+#REF!+Partago!L192+#REF!+#REF!+#REF! -> #REF! | F192: =(E192/D192)*1000 -> #REF! | G192: =#REF!+#REF!+#REF!+#REF!+#REF!+#REF!+#REF!+#REF!+#REF!+Moovee!A192+#REF!+#REF!+#REF! -> #REF! | H192: =(G192/D192)*1000 -> #REF! | I192: =D192/1000*2 -> 13.516 | J192: =I192-G192 -> #REF! | K192: =J192*0.05 -> #REF! | L192: =J192*0.1 -> #REF! | M192: =J192*0.15 -> #REF! | N192: =J192*0.2 -> #REF! | O192: =J192*0.233333 -> #REF! | P192: =J192*0.266667 -> #REF! | Q192: =J192*0.0158729999 -> #REF! | R192: =J192*0.031746 -> #REF! | S192: =J192*0.063492 -> #REF! | T192: =J192*0.126984 -> #REF! | U192: =J192*0.253968 -> #REF! | V192: =J192*0.507936 -> #REF!
A193: Mol | B193: Antwerpen | C193: 13025 | D193: 38534 | E193: =#REF!+#REF!+#REF!+#REF!+#REF!+#REF!+#REF!+GreenMobility!L193+#REF!+#REF!+#REF!+Partago!L193+#REF!+#REF!+#REF! -> #REF! | F193: =(E193/D193)*1000 -> #REF! | G193: =#REF!+#REF!+#REF!+#REF!+#REF!+#REF!+#REF!+#REF!+#REF!+Moovee!A193+#REF!+#REF!+#REF! -> #REF! | H193: =(G193/D193)*1000 -> #REF! | I193: =D193/1000*2 -> 77.068 | J193: =I193-G193 -> #REF! | K193: =J193*0.05 -> #REF! | L193: =J193*0.1 -> #REF! | M193: =J193*0.15 -> #REF! | N193: =J193*0.2 -> #REF! | O193: =J193*0.233333 -> #REF! | P193: =J193*0.266667 -> #REF! | Q193: =J193*0.0158729999 -> #REF! | R193: =J193*0.031746 -> #REF! | S193: =J193*0.063492 -> #REF! | T193: =J193*0.126984 -> #REF! | U193: =J193*0.253968 -> #REF! | V193: =J193*0.507936 -> #REF!
A194: Moorslede | B194: West-Vlaanderen | C194: 36012 | D194: 11473 | E194: =#REF!+#REF!+#REF!+#REF!+#REF!+#REF!+#REF!+GreenMobility!L194+#REF!+#REF!+#REF!+Partago!L194+#REF!+#REF!+#REF! -> #REF! | F194: =(E194/D194)*1000 -> #REF! | G194: =#REF!+#REF!+#REF!+#REF!+#REF!+#REF!+#REF!+#REF!+#REF!+Moovee!A194+#REF!+#REF!+#REF! -> #REF! | H194: =(G194/D194)*1000 -> #REF! | I194: =D194/1000*2 -> 22.946 | J194: =I194-G194 -> #REF! | K194: =J194*0.05 -> #REF! | L194: =J194*0.1 -> #REF! | M194: =J194*0.15 -> #REF! | N194: =J194*0.2 -> #REF! | O194: =J194*0.233333 -> #REF! | P194: =J194*0.266667 -> #REF! | Q194: =J194*0.0158729999 -> #REF! | R194: =J194*0.031746 -> #REF! | S194: =J194*0.063492 -> #REF! | T194: =J194*0.126984 -> #REF! | U194: =J194*0.253968 -> #REF! | V194: =J194*0.507936 -> #REF!
